state,data_year,county_fips,county_name,median_household_income,poverty_rate,unemployment_rate,bachelors_plus_rate,B17001_001E,B23025_003E,B15003_001E
AZ,2022,4001,APACHE,37483,0.3253909388713765,0.0945999602938257,0.1378256750355281,64716,20148,42220
AZ,2022,4003,COCHISE,58421,0.1470248266157402,0.0679038380430198,0.2669621702508757,119388,47420,88211
AZ,2022,4005,COCONINO,67266,0.168811999880121,0.0697212791589092,0.3959321720862047,133468,73048,86631
AZ,2022,4007,GILA,55242,0.1899340693038945,0.0694479016279185,0.1808534771759131,52176,20087,39673
AZ,2022,4009,GRAHAM,64089,0.176677443139924,0.0597044861937554,0.1395205648140546,35262,14957,24362
AZ,2022,4011,GREENLEE,73756,0.1281289775137887,0.0301613280336684,0.1667236077895456,9428,4277,5854
AZ,2022,4012,LA PAZ,46634,0.2099120019555121,0.107282821685173,0.1238246891113133,16364,6124,13188
AZ,2022,4013,MARICOPA,80675,0.1152837606180151,0.047556394762021,0.3498486048041403,4368048,2284698,2987215
AZ,2022,4015,MOHAVE,53592,0.1601015973466509,0.0746252271812449,0.1440628883767511,209848,81983,165754
AZ,2022,4017,NAVAJO,50335,0.2547909240734353,0.0969534240748617,0.1729080505353804,104364,37616,70604
AZ,2022,4019,PIMA,64323,0.1494909349575073,0.0586593087518249,0.3498408712828637,1014998,491806,705718
AZ,2022,4021,PINAL,73313,0.1129518475354434,0.0643860533409305,0.2140475954714988,411007,182524,302970
AZ,2022,4023,SANTA CRUZ,51885,0.2020834208426093,0.0984618306114698,0.235032033562067,47614,21064,30749
AZ,2022,4025,YAVAPAI,62430,0.1232174907581527,0.0490716446011176,0.2867976690608483,233449,99854,184475
AZ,2022,4027,YUMA,56439,0.1753336773827955,0.0829607672615475,0.1642364944607302,197646,81641,131335
AZ,2023,4001,APACHE,40338,0.3122374684962195,0.1001850769530489,0.1526852353259718,64278,20532,42473
AZ,2023,4003,COCHISE,58970,0.1553853630741901,0.0729776247848537,0.2765771518838436,119342,46480,89259
AZ,2023,4005,COCONINO,69748,0.1768342268538039,0.0662934510188514,0.3961938901319695,132808,73416,87596
AZ,2023,4007,GILA,59089,0.1777527101695887,0.0736740130782271,0.1884718899521531,52303,20645,40128
AZ,2023,4009,GRAHAM,67326,0.176770078607995,0.0632199126175029,0.1459132189707366,35747,15106,24775
AZ,2023,4011,GREENLEE,75239,0.107947301317467,0.0354044548651817,0.2041459369817578,9412,4265,6030
AZ,2023,4012,LA PAZ,49506,0.1844499078057775,0.1084277969443075,0.138551031200423,16270,6087,13237
AZ,2023,4013,MARICOPA,85518,0.1125035674475243,0.0460437788365689,0.3585800579989225,4425433,2322355,3053505
AZ,2023,4015,MOHAVE,55799,0.1683167385486579,0.0693881052463878,0.1488545563987867,212617,81599,169454
AZ,2023,4017,NAVAJO,52752,0.2471248513674197,0.0876469811071475,0.176314946594438,105125,37845,71809
AZ,2023,4019,PIMA,67929,0.1435233333137477,0.0568618930359068,0.35870627429206,1021158,497064,720400
AZ,2023,4021,PINAL,77588,0.1087178865898919,0.0583798375165468,0.2215021580920576,429221,192635,317410
AZ,2023,4023,SANTA CRUZ,53614,0.2021323116006913,0.1048088779284833,0.2406951854573336,48023,21086,31301
AZ,2023,4025,YAVAPAI,66106,0.1259446480475167,0.0421219475952251,0.2960225254126742,237390,100945,188587
AZ,2023,4027,YUMA,60417,0.1645786674132139,0.0812603849559132,0.1667198835663738,200032,82451,134669
AZ,2024,4001,APACHE,41438,0.3052918080996105,0.1068543625112192,0.1656434474616293,63929,21169,42350
AZ,2024,4003,COCHISE,59742,0.1542307692307692,0.0740394622262812,0.2809485620085099,119600,47083,89778
AZ,2024,4005,COCONINO,72966,0.1677267959948993,0.0564676216535221,0.4034083178375436,132531,74556,88196
AZ,2024,4007,GILA,61986,0.1688767476713524,0.0705384322678843,0.1873235949492448,52713,21024,40390
AZ,2024,4009,GRAHAM,67325,0.1726265562441726,0.0770088594263056,0.1457895779671091,36466,16141,25235
AZ,2024,4011,GREENLEE,71164,0.0818937939859245,0.0233300589390962,0.2086601819893316,9378,4072,6374
AZ,2024,4012,LA PAZ,49478,0.174547435975056,0.1003892312682452,0.1345838916182819,16517,6166,13434
AZ,2024,4013,MARICOPA,89300,0.1097803168709257,0.0454200485362637,0.3668029378044825,4489967,2373071,3113890
AZ,2024,4015,MOHAVE,57684,0.1608782934846609,0.0725103586226603,0.1521983758700696,215691,83988,172400
AZ,2024,4017,NAVAJO,54606,0.2471965402704569,0.0884994807892004,0.191045556488119,105673,38520,72679
AZ,2024,4019,PIMA,70315,0.1431998636311688,0.0550211842430722,0.3679420390707512,1032494,501316,730009
AZ,2024,4021,PINAL,80266,0.1110072146491057,0.0596080659460147,0.2246742455261446,451304,204167,332152
AZ,2024,4023,SANTA CRUZ,55217,0.20184407335314,0.1217695208314172,0.2314218381775334,48805,21746,31825
AZ,2024,4025,YAVAPAI,69613,0.1204263495271064,0.0427798098024872,0.3025407885349456,241492,102525,192027
AZ,2024,4027,YUMA,62876,0.1560000785029487,0.0692710334229734,0.1677879596334532,203814,83296,137936
CA,2022,6001,ALAMEDA,122488,0.0915231047846495,0.049476233601234,0.5093735760808384,1637215,915389,1193888
CA,2022,6003,ALPINE,101125,0.1372937293729373,0.04860088365243,0.3960674157303371,1515,679,1068
CA,2022,6005,AMADOR,74853,0.0783849245428655,0.060143254602498,0.205636186953387,37571,16893,31901
CA,2022,6007,BUTTE,66085,0.182135704634962,0.0714939350869336,0.3083332134171787,208718,102722,138986
CA,2022,6009,CALAVERAS,77526,0.1307962762311213,0.0621218668971478,0.2139670168304529,45223,18512,35412
CA,2022,6011,COLUSA,69619,0.1094444444444444,0.073612036948862,0.1428571428571428,21600,10501,14021
CA,2022,6013,CONTRA COSTA,120020,0.0825994436428214,0.0584569377401443,0.4449742419463564,1153216,609269,808485
CA,2022,6015,DEL NORTE,61149,0.1428514504303474,0.0626063930395309,0.177155347702318,25096,10574,19672
CA,2022,6017,EL DORADO,99246,0.0859787942792892,0.0460288710779475,0.3795258590076845,190326,92203,140802
CA,2022,6019,FRESNO,67756,0.1954692118959933,0.0862063011771002,0.2338386782662173,990821,463342,624392
CA,2022,6021,GLENN,64033,0.1525226936879881,0.0768321513002364,0.1486874154262517,28422,13536,18475
CA,2022,6023,HUMBOLDT,57881,0.1982439405433419,0.0924600495160927,0.3108362175789428,133139,66645,93612
CA,2022,6025,IMPERIAL,53847,0.2105103528725576,0.1319864643973502,0.1591637099481856,171450,69742,110201
CA,2022,6027,INYO,63417,0.1192904415753499,0.0489261513724589,0.2895363092233359,18434,8707,13867
CA,2022,6029,KERN,63883,0.1929297777959344,0.0838928829373738,0.1832003816862871,881217,391833,553334
CA,2022,6031,KINGS,68540,0.1621311862925581,0.0918530214358041,0.1472487484750326,139603,58267,95084
CA,2022,6033,LAKE,56259,0.1659144412289514,0.1039638877133587,0.1821227908877311,66691,28356,48945
CA,2022,6035,LASSEN,59515,0.1523128995863106,0.079196819896035,0.1209568733153638,23931,9811,23744
CA,2022,6037,LOS ANGELES,83411,0.1373845118098436,0.0698247466555011,0.3458292388181745,9782602,5235164,6909650
CA,2022,6039,MADERA,73543,0.2006067299120507,0.1112926706081583,0.1715079004492907,150314,67318,99045
CA,2022,6041,MARIN,142019,0.0696227027322874,0.057652244468323,0.611280766319526,255793,136803,191565
CA,2022,6043,MARIPOSA,60021,0.1599056603773584,0.0623222136022756,0.2892827761573555,16960,7734,13371
CA,2022,6045,MENDOCINO,61335,0.1615522760990083,0.0910133021278628,0.2398753894080997,89649,41873,65163
CA,2022,6047,MERCED,64772,0.1852292063308562,0.1070460704607046,0.1464484311852014,276803,123984,168503
CA,2022,6049,MODOC,54962,0.1689508506616257,0.0764774044032444,0.2382122561818461,8464,3452,6511
CA,2022,6051,MONO,82038,0.1128675066819396,0.019399164758184,0.3170959700872455,13095,7423,9628
CA,2022,6053,MONTEREY,91043,0.1232373636182355,0.0530488975081563,0.2706606990927095,421244,198006,279734
CA,2022,6055,NAPA,105809,0.0788717331729162,0.0517523429268563,0.3783899340337161,134649,72132,98232
CA,2022,6057,NEVADA,79395,0.1037110898302909,0.0443228570216736,0.3880921943625248,101291,47154,79007
CA,2022,6059,ORANGE,109361,0.0968323971795225,0.0537059472082973,0.42764155060093,3137483,1688826,2197677
CA,2022,6061,PLACER,109375,0.0680901948233986,0.0426372010334459,0.424411411045083,403083,198559,286915
CA,2022,6063,PLUMAS,67885,0.1086855310123635,0.0801586347794736,0.2118009976371751,19331,8321,15236
CA,2022,6065,RIVERSIDE,84505,0.113860513014266,0.0674432889909093,0.2405558343789209,2392682,1150967,1594000
CA,2022,6067,SACRAMENTO,84010,0.131003420774491,0.0630760332448982,0.3262334575803853,1560173,795310,1077155
CA,2022,6069,SAN BENITO,104451,0.0751021930710766,0.062457788870944,0.2199763593380614,64339,34055,42300
CA,2022,6071,SAN BERNARDINO,77423,0.1377694852244022,0.0717692892713217,0.2242173132230464,2135785,1029549,1388742
CA,2022,6073,SAN DIEGO,96974,0.1057121681398669,0.0634080747358517,0.4104681035781043,3204475,1681442,2257620
CA,2022,6075,SAN FRANCISCO,136689,0.1048457550412465,0.0535625349296085,0.5978954733127261,837888,526058,680343
CA,2022,6077,SAN JOAQUIN,82837,0.1287744483171282,0.0721484233715845,0.2030697004712843,763754,364956,495879
CA,2022,6079,SAN LUIS OBISPO,90158,0.1258375990568149,0.0498876534379493,0.3797189846301582,268028,138411,189527
CA,2022,6081,SAN MATEO,149907,0.0643190229954169,0.0454973425890131,0.5287878981484693,748410,421651,547817
CA,2022,6083,SANTA BARBARA,92332,0.1353033757031244,0.0604228790731615,0.3567693808003858,425067,222002,277891
CA,2022,6085,SANTA CLARA,153792,0.0688204257267982,0.0444309242742259,0.5532795837200547,1886562,1048639,1341405
CA,2022,6087,SANTA CRUZ,104409,0.1138317502865023,0.0593747588886784,0.424801993661577,257415,142569,180171
CA,2022,6089,SHASTA,68347,0.1328318979979868,0.0655009000404099,0.2275474655307527,178820,81663,128883
CA,2022,6091,SIERRA,61108,0.1257883672039243,0.0561883067577828,0.2387727879057359,2854,1317,2249
CA,2022,6093,SISKIYOU,53898,0.1668039727218637,0.0744432071269487,0.2199850625505695,43698,17960,32134
CA,2022,6095,SOLANO,97037,0.0899569076845697,0.0588866758637821,0.281996507901991,441378,225433,312706
CA,2022,6097,SONOMA,99266,0.0891085203729998,0.0517979943241361,0.3784658913177643,481716,261458,354851
CA,2022,6099,STANISLAUS,74872,0.1372640018417585,0.0815777139957625,0.1821777378559105,547303,258171,350685
CA,2022,6101,SUTTER,72654,0.1331627816904997,0.0761577819565312,0.2062290339457729,98113,45734,64986
CA,2022,6103,TEHAMA,59029,0.1617846780665473,0.0737470598878234,0.1817009736362423,64796,27635,44986
CA,2022,6105,TRINITY,47317,0.2199529172233887,0.0735791911633707,0.1918266549828726,15717,5613,12553
CA,2022,6107,TULARE,64474,0.1847070570150026,0.0901754988036339,0.1561704596829601,467719,209802,280911
CA,2022,6109,TUOLUMNE,70432,0.1136947411112613,0.0833920084492166,0.2443794857170017,51779,22724,42078
CA,2022,6111,VENTURA,102141,0.0895105855316012,0.0531690010546376,0.3471285162177459,830237,432376,575974
CA,2022,6113,YOLO,85097,0.1742173077198288,0.0529359143434194,0.432709136812106,209629,108433,129126
CA,2022,6115,YUBA,66693,0.1541115082379606,0.0742213773943559,0.1735852713178294,80299,34195,51600
CA,2023,6001,ALAMEDA,126240,0.0922063720371209,0.0517337752220997,0.5146936470398402,1624096,908826,1189902
CA,2023,6003,ALPINE,110781,0.1233038348082595,0.0359801488833746,0.4210526315789473,1695,806,1178
CA,2023,6005,AMADOR,81526,0.0775417339083044,0.0610548498507287,0.2244339158257445,37799,17083,32504
CA,2023,6007,BUTTE,68574,0.183435076074897,0.0711086503000761,0.3172056427344656,204601,101141,136246
CA,2023,6009,CALAVERAS,79877,0.133610086100861,0.0585123101100052,0.2218580153527203,45528,19090,35694
CA,2023,6011,COLUSA,75149,0.1080229757272558,0.0838803088803088,0.1452397995705082,21588,10360,13970
CA,2023,6013,CONTRA COSTA,125727,0.0825156830844933,0.0591517728771728,0.4491015896659383,1151878,608587,810988
CA,2023,6015,DEL NORTE,66780,0.1162231484450144,0.064178835406526,0.2097416007656273,24952,11094,19853
CA,2023,6017,EL DORADO,106190,0.0826365648702804,0.0483244424727052,0.3882410175418805,190642,92417,141832
CA,2023,6019,FRESNO,71434,0.1867315123063604,0.0854979588063693,0.2385449590848958,994567,465169,631185
CA,2023,6021,GLENN,70487,0.1235658478214964,0.0737763743361561,0.1648233651884462,28414,13934,18626
CA,2023,6023,HUMBOLDT,61135,0.1890709393198756,0.0870414752171457,0.3208513824268677,132564,65509,93495
CA,2023,6025,IMPERIAL,56393,0.1964172285386278,0.1255773507441409,0.1610026948327937,171599,70148,110582
CA,2023,6027,INYO,72432,0.104828186167899,0.0274536719286204,0.3181981722673958,18392,8742,13897
CA,2023,6029,KERN,67660,0.1904753845893482,0.0835194994238117,0.185735759918398,886335,395704,558810
CA,2023,6031,KINGS,68750,0.1677286786184775,0.0981795972380096,0.1391909571406143,139672,58943,95545
CA,2023,6033,LAKE,58738,0.1667563527653214,0.1146111407723794,0.1774394605088382,66900,28095,48935
CA,2023,6035,LASSEN,64395,0.1367560578888101,0.0761932423274276,0.132127239989711,23977,10329,23326
CA,2023,6037,LOS ANGELES,87760,0.1364301809875908,0.0702811893305105,0.3547099241909215,9693427,5203398,6911969
CA,2023,6039,MADERA,75496,0.198640503263845,0.1059613422262973,0.1712878493305018,151968,67619,100299
CA,2023,6041,MARIN,142785,0.0782781712155589,0.0610817520309794,0.6045916621480051,254311,134541,189953
CA,2023,6043,MARIPOSA,65378,0.1389332859764399,0.0691522861821388,0.3086170848267622,16893,7939,13392
CA,2023,6045,MENDOCINO,64688,0.1516143497757847,0.0934347690011315,0.249236857848476,89200,41537,65191
CA,2023,6047,MERCED,65044,0.184038478667498,0.1075512310659102,0.1478021529454299,280675,124973,171486
CA,2023,6049,MODOC,56648,0.2027633443552196,0.0597196831200487,0.230040385212799,8468,3282,6438
CA,2023,6051,MONO,86953,0.1103707107843137,0.0203866894646849,0.3432124352331606,13056,7603,9650
CA,2023,6053,MONTEREY,94486,0.125814794666972,0.0513364403063461,0.2788372709238955,419124,196118,279274
CA,2023,6055,NAPA,108970,0.0842858428584285,0.0508004239178938,0.3851712542289727,133332,71712,97837
CA,2023,6057,NEVADA,84905,0.1059142434696895,0.0466944558432863,0.3946003256465599,101450,46301,79227
CA,2023,6059,ORANGE,113702,0.0948584240588398,0.0534467748740873,0.4340103767266012,3125637,1685097,2205127
CA,2023,6061,PLACER,114678,0.067050595456435,0.0449190166697052,0.4289064398957894,408930,202943,292101
CA,2023,6063,PLUMAS,64946,0.1073016857999793,0.0972310026552029,0.2046291425565491,19338,7909,15208
CA,2023,6065,RIVERSIDE,89672,0.1106118696184158,0.065828050883077,0.250840176879343,2413439,1165810,1622575
CA,2023,6067,SACRAMENTO,88724,0.1261533488401509,0.0644312820499998,0.3328378226721884,1565333,799922,1087094
CA,2023,6069,SAN BENITO,108289,0.0779469996954005,0.0595732242034492,0.2238665132336018,65660,34210,43450
CA,2023,6071,SAN BERNARDINO,82184,0.1357370441422949,0.0714086560215025,0.229014403381373,2145516,1036527,1407239
CA,2023,6073,SAN DIEGO,102285,0.1035269729034036,0.0623113330157036,0.4208987125049854,3193390,1681203,2269135
CA,2023,6075,SAN FRANCISCO,141446,0.1058288132258385,0.0562403428131069,0.6012076421243264,823358,513866,669238
CA,2023,6077,SAN JOAQUIN,88531,0.1255537920445388,0.0736676232379714,0.215729580366251,773079,372511,504845
CA,2023,6079,SAN LUIS OBISPO,93398,0.1284698119826537,0.050528730325894,0.392014003879453,267954,138634,190233
CA,2023,6081,SAN MATEO,156000,0.064913349580287,0.0447242716381252,0.5307123407216751,738600,413668,543153
CA,2023,6083,SANTA BARBARA,95977,0.137728576550735,0.0614990477917838,0.3586993995460683,423928,220540,278456
CA,2023,6085,SANTA CLARA,159674,0.0686460951021195,0.0446170010774697,0.5586562705035025,1871483,1045969,1338186
CA,2023,6087,SANTA CRUZ,109266,0.1121779290228488,0.0561290642558045,0.4355796468303216,255068,141139,179687
CA,2023,6089,SHASTA,71931,0.129757659558984,0.0624084919472913,0.2326668579004085,178633,81960,128987
CA,2023,6091,SIERRA,60000,0.1234333459931636,0.1218905472636815,0.244047619047619,2633,1206,2184
CA,2023,6093,SISKIYOU,55499,0.1657338952992929,0.0767534186149095,0.2308361557343939,43419,18136,32183
CA,2023,6095,SOLANO,99994,0.0969234778864349,0.0586094264581496,0.2836704143707997,441245,222268,313970
CA,2023,6097,SONOMA,102840,0.0857102881999043,0.0519200317468879,0.378469385158651,478869,259553,353701
CA,2023,6099,STANISLAUS,79661,0.1314843921339279,0.0776673308837927,0.1913694570103662,547160,260457,352585
CA,2023,6101,SUTTER,75450,0.1477321373967995,0.0702605016088508,0.2020745235030949,98110,45374,65268
CA,2023,6103,TEHAMA,61834,0.1541929109546745,0.0671437438387674,0.1884319223750389,64776,27389,44934
CA,2023,6105,TRINITY,53498,0.1800139940207366,0.0594134342478713,0.1804651919323357,15721,5285,12296
CA,2023,6107,TULARE,69489,0.1775726581546041,0.0884601366095645,0.1583949091113421,470078,211259,284744
CA,2023,6109,TUOLUMNE,72259,0.1071966915317126,0.0794754098360655,0.2394446829826821,51746,22875,41922
CA,2023,6111,VENTURA,107327,0.0901785930061142,0.054631255843737,0.3566576039958768,827580,431017,578196
CA,2023,6113,YOLO,88818,0.1626478779367308,0.0534493757404538,0.4408385081248704,210055,109730,130279
CA,2023,6115,YUBA,73313,0.1531778804327848,0.0728907922912205,0.178964071177604,81611,35025,52938
CA,2024,6001,ALAMEDA,129367,0.0921508736291826,0.053758271497643,0.5224594674603354,1621569,908995,1192437
CA,2024,6003,ALPINE,105521,0.0996287128712871,0.044205495818399,0.4109712230215827,1616,837,1112
CA,2024,6005,AMADOR,88044,0.0818705755414616,0.0540070695949469,0.224212927756654,37999,17257,32875
CA,2024,6007,BUTTE,67928,0.192474076115576,0.0745957535511152,0.3192443116252922,203191,100743,135188
CA,2024,6009,CALAVERAS,78647,0.1300266340654062,0.0451549788899186,0.2387170420692151,45806,19422,35917
CA,2024,6011,COLUSA,75672,0.1138515542007297,0.0977643046608563,0.1638843503587412,21651,10556,14077
CA,2024,6013,CONTRA COSTA,127229,0.0836068637239007,0.064895994216424,0.4523103539536753,1155874,608620,816152
CA,2024,6015,DEL NORTE,67058,0.129480703172358,0.0639963167587477,0.2139180460234154,24745,10860,19816
CA,2024,6017,EL DORADO,108845,0.0798894040046621,0.0449267393343468,0.4002148333286529,191327,92751,142436
CA,2024,6019,FRESNO,74201,0.1831240647973456,0.0869325223438048,0.2427275570847669,999115,472838,636203
CA,2024,6021,GLENN,67139,0.1595053003533569,0.0801583744210369,0.1512134073348569,28300,13386,18378
CA,2024,6023,HUMBOLDT,61160,0.1867050399046237,0.0901836346785215,0.3312981694273951,131689,63659,93031
CA,2024,6025,IMPERIAL,57681,0.1953161998267398,0.1252247443532981,0.1606727757384288,173150,71192,111419
CA,2024,6027,INYO,73991,0.108792765308346,0.0248076260480073,0.314960058097313,18356,8707,13770
CA,2024,6029,KERN,70210,0.1911239548846866,0.0862696507395647,0.1877143703787823,891050,400303,563569
CA,2024,6031,KINGS,70995,0.1598189863810165,0.1080320415674388,0.1364481515721245,139658,60047,96271
CA,2024,6033,LAKE,60621,0.1696638115311598,0.1105842386496337,0.1782996481466328,66897,28259,48884
CA,2024,6035,LASSEN,67403,0.1396011396011396,0.0831981681137296,0.1308570149921682,23868,10481,22345
CA,2024,6037,LOS ANGELES,90112,0.1373592854782541,0.0727071738642202,0.3601258665177108,9656697,5200656,6917487
CA,2024,6039,MADERA,76627,0.19202074218117,0.1011853011070538,0.1790818237369655,154275,69012,101462
CA,2024,6041,MARIN,149091,0.0830760373660779,0.0609393000882744,0.6112683330434828,253599,133674,189753
CA,2024,6043,MARIPOSA,68412,0.1404121757669075,0.0596499876756223,0.3181205035971223,16886,8114,13344
CA,2024,6045,MENDOCINO,68092,0.1536165275477904,0.0902014652014652,0.2515324228411657,88773,41496,65093
CA,2024,6047,MERCED,65510,0.1908879747012565,0.1055696103997197,0.1533191291413738,285864,128465,174127
CA,2024,6049,MODOC,59455,0.1790021281626862,0.0760095011876484,0.2481683554169914,8458,3368,6415
CA,2024,6051,MONO,99415,0.0855369050356403,0.0306646138054914,0.3215229519428403,13047,7794,10217
CA,2024,6053,MONTEREY,97230,0.1273251711283183,0.0519928124746203,0.2821422225381144,420883,197008,281390
CA,2024,6055,NAPA,111471,0.08457222365058,0.0520107540503638,0.3979286300246103,132242,71043,97520
CA,2024,6057,NEVADA,89882,0.1101026823547961,0.0543772272551629,0.4154531049573681,101478,46582,79518
CA,2024,6059,ORANGE,116289,0.0949702852982442,0.0540449656667401,0.4407734825063336,3126062,1692091,2217917
CA,2024,6061,PLACER,115998,0.0675554400679452,0.0479614795275132,0.4317561006749968,415629,206228,297631
CA,2024,6063,PLUMAS,66031,0.1059864653826132,0.0915245410753808,0.225494071146245,19210,7681,15180
CA,2024,6065,RIVERSIDE,93074,0.1061703902132803,0.0650109164349215,0.2556789012234556,2443638,1191323,1649835
CA,2024,6067,SACRAMENTO,92175,0.1249584965695787,0.0671211222588113,0.3413246170052232,1575171,805946,1097404
CA,2024,6069,SAN BENITO,114394,0.0666806051283583,0.0538125553113134,0.2408848001082324,66961,35029,44349
CA,2024,6071,SAN BERNARDINO,85478,0.1334703525198839,0.0710885666676858,0.2329676792148355,2156389,1046624,1421562
CA,2024,6073,SAN DIEGO,106268,0.1027902300054463,0.0611003774156734,0.4315979109181484,3198446,1689384,2281385
CA,2024,6075,SAN FRANCISCO,140970,0.1115172712565074,0.0609270948740493,0.6033867365411525,817138,507262,661758
CA,2024,6077,SAN JOAQUIN,92179,0.1241120300349711,0.0756514687995282,0.2274954113976406,785218,379834,513773
CA,2024,6079,SAN LUIS OBISPO,97446,0.1290557443154239,0.0547854881132663,0.3984145162646045,267830,138011,190352
CA,2024,6081,SAN MATEO,158855,0.0670559322471392,0.0477529653499972,0.536726817181124,736087,413189,542805
CA,2024,6083,SANTA BARBARA,98161,0.1474138786386895,0.0641750609113058,0.3681115374114468,423298,219992,278364
CA,2024,6085,SANTA CLARA,164281,0.0710646700481001,0.0486659279483049,0.5649641570410001,1869227,1050468,1347266
CA,2024,6087,SANTA CRUZ,111093,0.116197849326732,0.0611863045909442,0.4393609945054024,253688,139492,178903
CA,2024,6089,SHASTA,72636,0.1328524751864866,0.0632005057012958,0.2376548717192797,178431,82262,128897
CA,2024,6091,SIERRA,63355,0.0443925233644859,0.1263073209975865,0.2581106870229007,2568,1243,2096
CA,2024,6093,SISKIYOU,59095,0.1638264189598174,0.0789170822600975,0.2332763178354843,42954,18247,32155
CA,2024,6095,SOLANO,100401,0.0998903471586348,0.0645633333182318,0.2875703726702171,442305,220729,315641
CA,2024,6097,SONOMA,104674,0.0889142699646289,0.0570509964943541,0.3848661115826098,478922,258155,354661
CA,2024,6099,STANISLAUS,81468,0.1353242606914548,0.0798349479727305,0.1964996740667161,548756,261978,354367
CA,2024,6101,SUTTER,79704,0.1443043398420762,0.0715961931250271,0.2091489231146837,98022,46022,65188
CA,2024,6103,TEHAMA,63784,0.1555831458058508,0.0585094791893658,0.1929065937759057,64435,27534,44633
CA,2024,6105,TRINITY,53002,0.2070039405109953,0.0838514833895896,0.2240590642805553,15734,5629,12461
CA,2024,6107,TULARE,71300,0.178860705981822,0.0931150036666759,0.1664221905523306,473100,215454,287690
CA,2024,6109,TUOLUMNE,77404,0.1043855907557485,0.0822079454569293,0.2460947810437912,51578,22881,41675
CA,2024,6111,VENTURA,109797,0.0933818155461195,0.0572944419989342,0.3613419190440936,827795,431630,580810
CA,2024,6113,YOLO,91752,0.1669018855142824,0.0612496180324627,0.4480748125114322,212568,111266,131208
CA,2024,6115,YUBA,76373,0.1418439716312056,0.0683135185134804,0.1774187551126645,83190,36757,53788
FL,2022,12001,ALACHUA,57566,0.2018254420992584,0.0506712461520921,0.4668422482313897,262950,140336,169342
FL,2022,12003,BAKER,67872,0.136828541515664,0.0491573033707865,0.1412864503107239,24834,12104,18827
FL,2022,12005,BAY,65999,0.1219806221544396,0.0404073513122499,0.2663256396188945,178348,88474,129413
FL,2022,12007,BRADFORD,54759,0.1818105861219033,0.0580479603574904,0.1316690654623058,23937,11301,20149
FL,2022,12009,BREVARD,71308,0.1010446605226453,0.0485783728287971,0.3289386470482369,602971,286362,455626
FL,2022,12011,BROWARD,70331,0.1242288998607313,0.0575153396238145,0.3494202757079794,1922902,1045495,1382985
FL,2022,12013,CALHOUN,41526,0.1990274983232729,0.0368791302494137,0.1106908222177981,11928,4691,10046
FL,2022,12015,CHARLOTTE,62164,0.1048779831571017,0.0567001012749545,0.251318725907892,185835,72081,157728
FL,2022,12017,CITRUS,52569,0.1500206965880196,0.0720146023860599,0.1968541468064823,152199,53142,123782
FL,2022,12019,CLAY,82242,0.0936525028300063,0.0431767606349089,0.2758234519104084,217314,108299,151800
FL,2022,12021,COLLIER,82011,0.1039200741470565,0.0428354993726771,0.3873495297375853,376549,168972,291752
FL,2022,12023,COLUMBIA,53501,0.1568518860377823,0.0693968878191002,0.160410049090384,65004,29497,48482
FL,2022,12027,DESOTO,45000,0.2638829232374056,0.0970045915020771,0.1158980097514187,32594,13721,25022
FL,2022,12029,DIXIE,45057,0.1614500792393026,0.0510452961672473,0.0797987059669302,15144,5740,12519
FL,2022,12031,DUVAL,65579,0.1433713109213089,0.0465563322165958,0.3224178889944393,971889,507729,683191
FL,2022,12033,ESCAMBIA,61642,0.1485112142944608,0.0621369760228315,0.2807031210620134,302159,149267,218227
FL,2022,12035,FLAGLER,69251,0.0977482351728757,0.0377113393820696,0.2837073084799507,116442,50038,90826
FL,2022,12037,FRANKLIN,58107,0.2166821994408201,0.0886699507389162,0.2095012366034624,10730,4669,9704
FL,2022,12039,GADSDEN,45721,0.2554771267371712,0.0427091818922378,0.1966826970262047,40943,17186,30567
FL,2022,12041,GILCHRIST,56823,0.1243459345052619,0.0310828025477707,0.1463357890655292,17009,7850,12895
FL,2022,12043,GLADES,37221,0.2186524692491279,0.0540115364446775,0.1297941268680112,10894,3814,9569
FL,2022,12045,GULF,56250,0.1232488460604097,0.043053545586107,0.2140149919986524,12349,5528,11873
FL,2022,12047,HAMILTON,47668,0.2642322097378277,0.0920078934385791,0.0923956661316211,10680,4054,9968
FL,2022,12049,HARDEE,44665,0.2847413173146072,0.0865501828524989,0.1036125686026174,23639,9844,16581
FL,2022,12051,HENDRY,49259,0.2229344911250159,0.0575539568345323,0.1048355597218967,39155,19321,25602
FL,2022,12053,HERNANDO,59202,0.1246906500095582,0.0591761909880214,0.2000298775022408,193551,83733,147268
FL,2022,12055,HIGHLANDS,53679,0.1563412454066938,0.0683616415233674,0.1828330846840468,100690,37916,79094
FL,2022,12057,HILLSBOROUGH,70612,0.1367533507754731,0.0484551769420372,0.3624510488298751,1443248,767596,1009935
FL,2022,12059,HOLMES,46063,0.1661408450704225,0.0472510767671649,0.1100956429330499,17750,7894,14115
FL,2022,12061,INDIAN RIVER,67543,0.1142841014576381,0.0586121548279358,0.3272562689577411,159436,67068,125938
FL,2022,12063,JACKSON,46144,0.1922526170254789,0.047489663319551,0.1387789062948298,40504,16930,34854
FL,2022,12065,JEFFERSON,51573,0.1833232077764277,0.0666562107904642,0.1953630149639756,13168,6376,10826
FL,2022,12067,LAFAYETTE,57852,0.1933955279135199,0.0856153604028958,0.0808321964529331,6753,3177,5864
FL,2022,12069,LAKE,66239,0.0968128752196008,0.0553546109551781,0.2567755373581935,381943,172795,287099
FL,2022,12071,LEE,69368,0.1170128141514857,0.0445777697322862,0.301228282204908,761814,348021,583335
FL,2022,12073,LEON,61317,0.1944491508621156,0.0565516117303376,0.4751717952965504,277399,159518,175063
FL,2022,12075,LEVY,49933,0.1565930864082422,0.0442310894056273,0.1610134859011034,42901,18019,31811
FL,2022,12077,LIBERTY,51723,0.2177700348432055,0.0818903318903318,0.1684191443074691,6314,2772,5516
FL,2022,12079,MADISON,43386,0.2244669609001056,0.0268876035641707,0.1295499307024582,16087,6397,13709
FL,2022,12081,MANATEE,71385,0.1017100899810434,0.0523610960684501,0.3283194530075126,399862,184660,306549
FL,2022,12083,MARION,55265,0.1436368571040847,0.0587465378081268,0.2198885463852067,368450,151277,281911
FL,2022,12085,MARTIN,77894,0.1051756885090218,0.0440126770214709,0.3509720966283426,155844,70048,123856
FL,2022,12086,MIAMI-DADE,64215,0.1525811329762001,0.045772999619973,0.3253689604692842,2647752,1407795,1918837
FL,2022,12087,MONROE,80111,0.1170543784264335,0.033852914921376,0.3633278854385555,80988,43689,64245
FL,2022,12089,NASSAU,84085,0.0920718652746816,0.0410170749814402,0.3200371467739795,90614,43104,67839
FL,2022,12091,OKALOOSA,73988,0.1017833166101957,0.0331169163130719,0.3327420293825553,206301,97805,146005
FL,2022,12093,OKEECHOBEE,50476,0.1921186257562662,0.0614276118947304,0.1683479119638826,37024,16377,28352
FL,2022,12095,ORANGE,72629,0.1350856256683875,0.0551713505418024,0.3735094909159042,1387668,771868,966029
FL,2022,12097,OSCEOLA,64312,0.1342833365341527,0.0529752152025304,0.2651586025713969,390525,202019,261881
FL,2022,12099,PALM BEACH,76066,0.1135680552513099,0.0577285484353642,0.3875833050609274,1469938,741834,1099423
FL,2022,12101,PASCO,63187,0.1181580783984035,0.0534367270436773,0.2711352994152246,560241,260364,411953
FL,2022,12103,PINELLAS,66406,0.1146899707812506,0.0464292809721693,0.3507344556979005,940492,483208,745450
FL,2022,12105,POLK,60901,0.1482271572017832,0.0463309309667043,0.2144138028456401,720030,335780,509692
FL,2022,12107,PUTNAM,44852,0.2284978612068607,0.0886761911464564,0.1332421756305074,72237,28418,52656
FL,2022,12109,ST. JOHNS,100020,0.0679514031311367,0.0440100678549875,0.4735764690497387,275491,135878,198819
FL,2022,12111,ST. LUCIE,66154,0.1248011158645383,0.05971106919951,0.2502165209575945,331223,154293,244780
FL,2022,12113,SANTA ROSA,84715,0.0894762961710667,0.0466600716035424,0.299009009009009,183367,84912,133200
FL,2022,12115,SARASOTA,77213,0.0814262696048315,0.0338267839935618,0.3828762424235551,431335,188874,352738
FL,2022,12117,SEMINOLE,79490,0.0960351931808924,0.0429977231505422,0.4172683838057262,466454,259130,334044
FL,2022,12119,SUMTER,70105,0.0926221214941924,0.051028179741051,0.3369023149240152,123545,30199,118708
FL,2022,12121,SUWANNEE,49729,0.1441201201201201,0.0546913648106414,0.1587944219523167,41625,18193,31122
FL,2022,12123,TAYLOR,46239,0.1512197778261816,0.058076225045372,0.139216552072163,18364,7163,15853
FL,2022,12125,UNION,64043,0.1590014402304368,0.0364547732968785,0.1002973776696404,10415,4389,11097
FL,2022,12127,VOLUSIA,63075,0.1218886044592764,0.0415235349646104,0.2615384615384615,544169,255301,414960
FL,2022,12129,WAKULLA,72035,0.0614843521021265,0.0359743847312908,0.197463768115942,30707,15928,24288
FL,2022,12131,WALTON,74832,0.1054754273504273,0.0528157372713246,0.3314725220196005,74880,36296,56427
FL,2022,12133,WASHINGTON,47536,0.227266585596541,0.04756151142355,0.124026330224904,22203,9104,18230
FL,2023,12001,ALACHUA,59659,0.1966391955239679,0.0433066689299582,0.476699339751607,264520,141387,171905
FL,2023,12003,BAKER,70833,0.1305591987599857,0.0432262338522689,0.1533558107680961,25161,12076,18982
FL,2023,12005,BAY,70188,0.1166985208808577,0.0357305239811477,0.2804132925485603,178417,90175,129787
FL,2023,12007,BRADFORD,59740,0.1905041031652989,0.0663191948238677,0.1499431846252655,23884,11128,20241
FL,2023,12009,BREVARD,75817,0.0989520742985527,0.0483336853796308,0.3353988571773184,612448,293522,464289
FL,2023,12011,BROWARD,74534,0.1223256310955588,0.0556519921520562,0.3579891532577914,1927838,1052505,1393045
FL,2023,12013,CALHOUN,46901,0.2123548851792221,0.0409937888198757,0.1310074401769555,11801,4830,9946
FL,2023,12015,CHARLOTTE,66154,0.0955535275977091,0.0555242390078917,0.2531037540644398,190668,74508,162384
FL,2023,12017,CITRUS,55355,0.1549608807924048,0.0683367975786748,0.2040040387467264,155678,54846,126772
FL,2023,12019,CLAY,86094,0.0913881463187367,0.0381474621581919,0.2869454156077045,221079,109601,155026
FL,2023,12021,COLLIER,86173,0.104532384593747,0.0401648390353863,0.3954141631831966,383948,170348,299749
FL,2023,12023,COLUMBIA,55070,0.1702240467786648,0.0630015650494489,0.163451406338656,66013,30031,49348
FL,2023,12027,DESOTO,50868,0.2308041524166944,0.0861568932588243,0.109787067786677,33041,14137,25595
FL,2023,12029,DIXIE,47655,0.1929115903316177,0.0510960936212296,0.0808640049906425,15349,6067,12824
FL,2023,12031,DUVAL,68447,0.1461939774842114,0.0449739902380216,0.3309080460433981,983310,510962,692564
FL,2023,12033,ESCAMBIA,65715,0.1449020328833324,0.0591737899277529,0.289297871374756,304592,151148,220330
FL,2023,12035,FLAGLER,72923,0.0942011559543257,0.0365721579700615,0.3043925075221426,120593,51706,94388
FL,2023,12037,FRANKLIN,62734,0.1731177829099307,0.0693268843208383,0.2528503682776712,10825,4962,9911
FL,2023,12039,GADSDEN,46047,0.2766077842838164,0.043820895522388,0.2008236909197882,40646,16750,30594
FL,2023,12041,GILCHRIST,61070,0.1115569823434992,0.0321290322580645,0.1452152746082458,17444,7750,13146
FL,2023,12043,GLADES,38905,0.2115106613661004,0.0624707533926064,0.1270983213429256,11068,4274,9591
FL,2023,12045,GULF,67361,0.1160420775805391,0.0321214260501235,0.2448735475051264,12168,5666,11704
FL,2023,12047,HAMILTON,47696,0.2734986945169713,0.0791530123519032,0.1120592166135499,10724,3967,9727
FL,2023,12049,HARDEE,54231,0.2425153504128731,0.0682687591956841,0.1225428690924299,23615,10195,16737
FL,2023,12051,HENDRY,53044,0.2159335435119851,0.0438860288495845,0.1072913884543477,39966,19619,26209
FL,2023,12053,HERNANDO,63193,0.1200709799058306,0.058379320360151,0.2043796104214579,198366,86075,150881
FL,2023,12055,HIGHLANDS,55581,0.15392673232432,0.0585879873551106,0.1972793341201316,102146,37960,80495
FL,2023,12057,HILLSBOROUGH,75011,0.1319505160784463,0.045432757007549,0.3715522281944641,1462859,780230,1029578
FL,2023,12059,HOLMES,48236,0.1439393939393939,0.0438186639727238,0.1205115592720118,17820,7919,14231
FL,2023,12061,INDIAN RIVER,71049,0.114414769716166,0.0525145671980121,0.3343323084108512,162278,68819,128465
FL,2023,12063,JACKSON,47327,0.1882245797129987,0.0474285382965153,0.1464484320357736,40627,17247,34886
FL,2023,12065,JEFFERSON,56984,0.2031736615749666,0.0651289009497964,0.1884296012409891,13486,6633,10959
FL,2023,12067,LAFAYETTE,60692,0.1778518406302075,0.063465965143045,0.0789921688798093,6601,3041,5874
FL,2023,12069,LAKE,69956,0.0945772973851561,0.0508710684434896,0.2678251196656104,393752,178746,296660
FL,2023,12071,LEE,73099,0.1172799567466179,0.0416447331578652,0.3075932003380163,780517,357140,599971
FL,2023,12073,LEON,65074,0.1853028354924565,0.0561937035145202,0.4858254115203107,277659,160534,177148
FL,2023,12075,LEVY,53805,0.1716061185468451,0.0382735709186755,0.1617534514953929,43932,18211,32667
FL,2023,12077,LIBERTY,53824,0.2080980803355379,0.0684523809523809,0.1576363636363636,6199,2688,5500
FL,2023,12079,MADISON,48176,0.2093608146239725,0.0242250978031898,0.1249816742413136,16302,6646,13642
FL,2023,12081,MANATEE,75792,0.1040066188906057,0.0505053685569444,0.3434397545296631,410945,190554,315476
FL,2023,12083,MARION,58535,0.1457753827052872,0.0522383281686173,0.2237578412136955,378555,156188,289496
FL,2023,12085,MARTIN,80701,0.1135556816081478,0.045219369425603,0.3663733284131657,156901,72093,124657
FL,2023,12086,MIAMI-DADE,68694,0.1493217015063175,0.0438861987616989,0.3320621452052816,2644927,1411127,1925233
FL,2023,12087,MONROE,82430,0.1040458138010365,0.0321178739919589,0.3780058605559776,80849,43029,64499
FL,2023,12089,NASSAU,88900,0.0923715343339627,0.0396257692395031,0.3451724725805535,93741,44037,70388
FL,2023,12091,OKALOOSA,79097,0.0928346101847679,0.0312423500611995,0.342213253517884,208586,98040,147674
FL,2023,12093,OKEECHOBEE,52288,0.1903782455390533,0.0598115780339655,0.1610202016677715,37436,16134,28661
FL,2023,12095,ORANGE,77011,0.1304540526729363,0.0547407808224772,0.3840842508572331,1401137,783584,981355
FL,2023,12097,OSCEOLA,68711,0.1245420700663781,0.0522970239815082,0.282554283096656,403446,211121,272875
FL,2023,12099,PALM BEACH,81115,0.110808952385708,0.0539970675974863,0.3955163727959698,1481929,748874,1111600
FL,2023,12101,PASCO,67384,0.1109656594329336,0.0489673235038775,0.2803698255345464,580567,274142,426904
FL,2023,12103,PINELLAS,70293,0.1144127440432399,0.0455926238449031,0.3584493697509852,940612,485890,748831
FL,2023,12105,POLK,63644,0.1471380272302639,0.0438860510580236,0.226409084876865,744172,348858,527470
FL,2023,12107,PUTNAM,47256,0.2387247171751799,0.0709709043800987,0.1409466764611704,72925,28561,53091
FL,2023,12109,ST. JOHNS,106169,0.0670755556170888,0.039011694339037,0.4861000224694392,288913,141778,209173
FL,2023,12111,ST. LUCIE,69027,0.1164378961875479,0.0580891957454749,0.2536970470920242,342483,160770,253716
FL,2023,12113,SANTA ROSA,88968,0.084421028057218,0.0448911299042762,0.309798755945847,188472,87857,136650
FL,2023,12115,SARASOTA,80633,0.0819348805962696,0.0367492934833616,0.3965769601809654,440606,191786,360732
FL,2023,12117,SEMINOLE,83030,0.0920769237317714,0.0409346153846153,0.4238489098046635,469868,260000,338288
FL,2023,12119,SUMTER,73297,0.0906447896450138,0.0571189746447478,0.3506630914113105,129329,32301,123814
FL,2023,12121,SUWANNEE,55479,0.1415190052615435,0.0569331158238172,0.1643273178649861,42383,18390,31419
FL,2023,12123,TAYLOR,44985,0.1731357706555001,0.0510518934081346,0.1505974059165548,18627,7130,15651
FL,2023,12125,UNION,64922,0.1865357643758765,0.0332070425674169,0.1000089373491822,10695,4487,11189
FL,2023,12127,VOLUSIA,66581,0.1224289592760181,0.0400351569396574,0.2718496114916313,552500,260546,423543
FL,2023,12129,WAKULLA,74183,0.0558609513520383,0.0313723091976516,0.2127617227927712,31471,16352,25122
FL,2023,12131,WALTON,79281,0.114284248727254,0.0522162612636074,0.3422987483756241,77981,38398,58484
FL,2023,12133,WASHINGTON,52723,0.1894872021964396,0.0397673188789,0.1248585439456808,22582,9455,18557
FL,2024,12001,ALACHUA,61949,0.2116664428428607,0.0437198034001197,0.4876158682085169,268068,143642,174336
FL,2024,12003,BAKER,79836,0.1175513996979904,0.045036547983966,0.1782334384858044,25827,12723,19020
FL,2024,12005,BAY,73533,0.1189055323419993,0.0388500388500388,0.2964127483207088,183322,93951,132943
FL,2024,12007,BRADFORD,63050,0.1677277077351974,0.0472002871500358,0.1516552341186996,24033,11144,20118
FL,2024,12009,BREVARD,78476,0.1022871654369647,0.0484257300889384,0.3421234667881426,624135,299758,474168
FL,2024,12011,BROWARD,77633,0.1223916916037347,0.0543021834322739,0.3671688828099663,1958597,1068318,1418380
FL,2024,12013,CALHOUN,50517,0.2074812542603953,0.0801479654747225,0.1358524972140614,11736,4866,9871
FL,2024,12015,CHARLOTTE,69952,0.0898559274195599,0.0537452391028353,0.2704577887376925,196637,77979,167479
FL,2024,12017,CITRUS,56546,0.1559357712524355,0.0635423966362999,0.2061609004392949,159617,57080,129981
FL,2024,12019,CLAY,87820,0.0921957783570854,0.0378166187075917,0.2826042996347459,225173,112596,158246
FL,2024,12021,COLLIER,90045,0.1069380879413048,0.0392069273589444,0.4029021803660004,394172,174612,308251
FL,2024,12023,COLUMBIA,59205,0.1667285444852013,0.0532739620707329,0.1681035340965654,67337,31216,50225
FL,2024,12027,DESOTO,54417,0.2406073236082167,0.095025983667409,0.1080297539576578,33590,14817,26215
FL,2024,12029,DIXIE,50110,0.2090685002594706,0.0326704545454545,0.1072545340838023,15416,5632,12792
FL,2024,12031,DUVAL,71277,0.1414629757370362,0.044752764647707,0.3443419645314216,1000290,522761,704962
FL,2024,12033,ESCAMBIA,67500,0.1471074595382872,0.0587301796344097,0.2967895822009802,307204,151864,222619
FL,2024,12035,FLAGLER,77363,0.1026764689448182,0.0435534502528243,0.3131266953155954,125277,53199,98433
FL,2024,12037,FRANKLIN,64105,0.1649418444912537,0.0847192330268049,0.2793002325816563,10919,5111,9889
FL,2024,12039,GADSDEN,48801,0.2790949070093113,0.0502896732963029,0.2134364238840881,40703,16743,30782
FL,2024,12041,GILCHRIST,63523,0.1149501661129568,0.034733750478866,0.1530421799178798,18060,7831,13395
FL,2024,12043,GLADES,45870,0.1720525568181818,0.0712984054669703,0.134379746835443,11264,4390,9875
FL,2024,12045,GULF,61179,0.1246792815907633,0.026263358087303,0.2350927008518456,12472,5521,11974
FL,2024,12047,HAMILTON,50144,0.2013477088948787,0.0671061926065458,0.1096656164244333,11130,4247,9839
FL,2024,12049,HARDEE,60489,0.2532745591939546,0.0591463991672187,0.12095952023988,23820,10567,16675
FL,2024,12051,HENDRY,56393,0.2252951096121416,0.0438529004462225,0.1218040687194202,41510,19497,27183
FL,2024,12053,HERNANDO,66058,0.1173681787459961,0.0531595567805215,0.2108455088585404,204178,89617,155161
FL,2024,12055,HIGHLANDS,54897,0.1526471972265171,0.0636254807569853,0.2045971696620873,104129,39261,82181
FL,2024,12057,HILLSBOROUGH,79540,0.1271356504830202,0.0451116018878712,0.3808955914361771,1494451,802809,1054856
FL,2024,12059,HOLMES,49343,0.1396072661422669,0.0448494248416699,0.1250704225352112,17671,7737,14200
FL,2024,12061,INDIAN RIVER,73491,0.110569302438139,0.0449465605049852,0.338272560355685,165290,69705,131802
FL,2024,12063,JACKSON,49149,0.1946279386050126,0.0451758087201125,0.1513074024759908,41176,17775,35299
FL,2024,12065,JEFFERSON,61212,0.2096982758620689,0.0742364460032149,0.1916459737495565,13920,6843,11276
FL,2024,12067,LAFAYETTE,62757,0.175007491759065,0.1087454962332132,0.0988681757656458,6674,3053,6008
FL,2024,12069,LAKE,73161,0.0885172388443725,0.049991336928508,0.2784808480620507,408090,184692,307619
FL,2024,12071,LEE,76107,0.1200121832207214,0.0401279277584422,0.3120474272771511,804385,372085,618547
FL,2024,12073,LEON,66287,0.186682806115323,0.056884599700965,0.4890519117885701,279233,161854,178707
FL,2024,12075,LEVY,56750,0.1739275246469491,0.0407848558970541,0.1653475618793538,45036,18806,33735
FL,2024,12077,LIBERTY,58671,0.1754982984929509,0.0657563780093424,0.1650298141003156,6171,2783,5702
FL,2024,12079,MADISON,48485,0.2099585568015602,0.0580867386879599,0.1390938606847697,16408,6387,13552
FL,2024,12081,MANATEE,78457,0.0977197853915662,0.0456635213812487,0.3543041192178166,424960,199240,326931
FL,2024,12083,MARION,61010,0.1441490069274612,0.0484434978426837,0.2337394025300206,390908,163861,299128
FL,2024,12085,MARTIN,82943,0.1130584387348042,0.0488651129357772,0.3713531217040309,158679,72342,126101
FL,2024,12086,MIAMI-DADE,71753,0.1472428950528516,0.0460274771116157,0.3438848737785016,2698120,1447896,1964800
FL,2024,12087,MONROE,87738,0.1064992212800672,0.0293477497718177,0.3862700795443994,80902,42729,64618
FL,2024,12089,NASSAU,89804,0.0968227459227644,0.0447629500505735,0.3555994567230522,97002,46467,72891
FL,2024,12091,OKALOOSA,81998,0.0931765106318606,0.0380964829375213,0.3481852600034783,211534,99458,149498
FL,2024,12093,OKEECHOBEE,57984,0.1799012656898272,0.0442567972212241,0.1582341783066045,38082,16698,28995
FL,2024,12095,ORANGE,79719,0.1299519156629616,0.0550604920225173,0.3931703965118161,1433107,803825,1007057
FL,2024,12097,OSCEOLA,72637,0.1280567054688697,0.0536040319088624,0.2975672224020155,423945,224013,287367
FL,2024,12099,PALM BEACH,83581,0.1133065748753861,0.054579341120882,0.4052770747119984,1508059,761900,1131157
FL,2024,12101,PASCO,70492,0.1109726739379319,0.0489903776312785,0.2920299524835676,603563,289118,443636
FL,2024,12103,PINELLAS,72646,0.1153971997005502,0.0443000929143591,0.3675930899565635,944399,488622,753975
FL,2024,12105,POLK,65978,0.1446754310383804,0.0482804286648593,0.234551376270593,774119,368493,548366
FL,2024,12107,PUTNAM,47934,0.234206471494607,0.0738078783690393,0.1448697007944168,73986,28940,53876
FL,2024,12109,ST. JOHNS,109839,0.0654445692304145,0.0331026020619106,0.5091050315008199,303631,149958,220153
FL,2024,12111,ST. LUCIE,71457,0.1227769889950783,0.0605862802048088,0.2666081933249656,356386,166985,264508
FL,2024,12113,SANTA ROSA,91922,0.0875779033894444,0.0447621253736611,0.3197034486193427,193188,90657,140549
FL,2024,12115,SARASOTA,83416,0.0858598070511299,0.0373820868409168,0.4081339246551976,450793,197073,369342
FL,2024,12117,SEMINOLE,85761,0.0902930272201671,0.0415026414209596,0.4273643442408453,476338,264441,343922
FL,2024,12119,SUMTER,76508,0.0971194083827208,0.054488842760768,0.35328432094079,135493,34686,129083
FL,2024,12121,SUWANNEE,56658,0.1497491405741893,0.0628413851620088,0.1664796808775866,43052,18857,32088
FL,2024,12123,TAYLOR,49073,0.1734434561626429,0.0538906414300736,0.1653649167733674,18888,7608,15620
FL,2024,12125,UNION,64146,0.1954406199315192,0.0475689328562407,0.111031582714503,11098,4751,11177
FL,2024,12127,VOLUSIA,70044,0.1175834937358592,0.041311546401759,0.283648567750167,562647,267867,432641
FL,2024,12129,WAKULLA,81895,0.0668670405602206,0.0327435188995356,0.2326454033771107,32273,17011,25584
FL,2024,12131,WALTON,81986,0.124702134752386,0.0485380850796837,0.3503205818519193,80993,39845,60359
FL,2024,12133,WASHINGTON,58210,0.1728820960698689,0.0357398873527905,0.1148164008136173,22900,9765,18682
