year,state,incident_date,days_from_transition,crime_type,avg_daily_count,avg_daily_rate_per_100k
2022,AZ,2022-02-27,-14,burglary,19,0.2691599757982683
2022,AZ,2022-02-27,-14,motor_vehicle_theft,11,0.15582945967268164
2022,AZ,2022-02-27,-14,robbery,7,0.09916420160988831
2022,AZ,2022-02-27,-14,shoplifting,41,0.5808188951436316
2022,AZ,2022-02-27,-14,theft_from_building,7,0.09916420160988831
2022,AZ,2022-02-27,-14,theft_from_motor_vehicle,38,0.5383199515965366
2022,AZ,2022-02-28,-13,burglary,22,0.31165891934536327
2022,AZ,2022-02-28,-13,motor_vehicle_theft,23,0.3258252338610616
2022,AZ,2022-02-28,-13,robbery,7,0.09916420160988831
2022,AZ,2022-02-28,-13,shoplifting,39,0.552486266112235
2022,AZ,2022-02-28,-13,theft_from_building,10,0.1416631451569833
2022,AZ,2022-02-28,-13,theft_from_motor_vehicle,49,0.6941494112692181
2022,AZ,2022-03-01,-12,burglary,27,0.3824904919238549
2022,AZ,2022-03-01,-12,motor_vehicle_theft,19,0.2691599757982683
2022,AZ,2022-03-01,-12,robbery,3,0.04249894354709499
2022,AZ,2022-03-01,-12,shoplifting,44,0.6233178386907265
2022,AZ,2022-03-01,-12,theft_from_building,19,0.2691599757982683
2022,AZ,2022-03-01,-12,theft_from_motor_vehicle,42,0.5949852096593299
2022,AZ,2022-03-02,-11,burglary,21,0.29749260482966494
2022,AZ,2022-03-02,-11,motor_vehicle_theft,21,0.29749260482966494
2022,AZ,2022-03-02,-11,robbery,1,0.01416631451569833
2022,AZ,2022-03-02,-11,shoplifting,48,0.6799830967535199
2022,AZ,2022-03-02,-11,theft_from_building,9,0.12749683064128498
2022,AZ,2022-03-02,-11,theft_from_motor_vehicle,34,0.48165469353374324
2022,AZ,2022-03-03,-10,burglary,30,0.42498943547094997
2022,AZ,2022-03-03,-10,motor_vehicle_theft,15,0.21249471773547499
2022,AZ,2022-03-03,-10,robbery,3,0.04249894354709499
2022,AZ,2022-03-03,-10,shoplifting,48,0.6799830967535199
2022,AZ,2022-03-03,-10,theft_from_building,6,0.08499788709418998
2022,AZ,2022-03-03,-10,theft_from_motor_vehicle,37,0.5241536370808382
2022,AZ,2022-03-04,-9,burglary,27,0.3824904919238549
2022,AZ,2022-03-04,-9,motor_vehicle_theft,21,0.29749260482966494
2022,AZ,2022-03-04,-9,robbery,4,0.05666525806279332
2022,AZ,2022-03-04,-9,shoplifting,47,0.6658167822378215
2022,AZ,2022-03-04,-9,theft_from_building,17,0.24082734676687162
2022,AZ,2022-03-04,-9,theft_from_motor_vehicle,38,0.5383199515965366
2022,AZ,2022-03-05,-8,burglary,26,0.3683241774081566
2022,AZ,2022-03-05,-8,motor_vehicle_theft,18,0.25499366128256995
2022,AZ,2022-03-05,-8,robbery,8,0.11333051612558664
2022,AZ,2022-03-05,-8,shoplifting,46,0.6516504677221232
2022,AZ,2022-03-05,-8,theft_from_building,8,0.11333051612558664
2022,AZ,2022-03-05,-8,theft_from_motor_vehicle,35,0.4958210080494416
2022,AZ,2022-03-06,-7,burglary,19,0.2691599757982683
2022,AZ,2022-03-06,-7,motor_vehicle_theft,17,0.24082734676687162
2022,AZ,2022-03-06,-7,robbery,4,0.05666525806279332
2022,AZ,2022-03-06,-7,shoplifting,47,0.6658167822378215
2022,AZ,2022-03-06,-7,theft_from_building,7,0.09916420160988831
2022,AZ,2022-03-06,-7,theft_from_motor_vehicle,28,0.39665680643955326
2022,AZ,2022-03-07,-6,burglary,23,0.3258252338610616
2022,AZ,2022-03-07,-6,motor_vehicle_theft,23,0.3258252338610616
2022,AZ,2022-03-07,-6,robbery,2,0.02833262903139666
2022,AZ,2022-03-07,-6,shoplifting,56,0.7933136128791065
2022,AZ,2022-03-07,-6,theft_from_building,13,0.1841620887040783
2022,AZ,2022-03-07,-6,theft_from_motor_vehicle,31,0.43915574998664825
2022,AZ,2022-03-08,-5,burglary,27,0.3824904919238549
2022,AZ,2022-03-08,-5,motor_vehicle_theft,16,0.2266610322511733
2022,AZ,2022-03-08,-5,robbery,5,0.07083157257849165
2022,AZ,2022-03-08,-5,shoplifting,57,0.8074799273948048
2022,AZ,2022-03-08,-5,theft_from_building,15,0.21249471773547499
2022,AZ,2022-03-08,-5,theft_from_motor_vehicle,24,0.33999154837675993
2022,AZ,2022-03-09,-4,burglary,15,0.21249471773547499
2022,AZ,2022-03-09,-4,motor_vehicle_theft,17,0.24082734676687162
2022,AZ,2022-03-09,-4,robbery,1,0.01416631451569833
2022,AZ,2022-03-09,-4,shoplifting,55,0.7791472983634081
2022,AZ,2022-03-09,-4,theft_from_building,9,0.12749683064128498
2022,AZ,2022-03-09,-4,theft_from_motor_vehicle,23,0.3258252338610616
2022,AZ,2022-03-10,-3,burglary,33,0.4674883790180449
2022,AZ,2022-03-10,-3,motor_vehicle_theft,17,0.24082734676687162
2022,AZ,2022-03-10,-3,robbery,3,0.04249894354709499
2022,AZ,2022-03-10,-3,shoplifting,42,0.5949852096593299
2022,AZ,2022-03-10,-3,theft_from_building,9,0.12749683064128498
2022,AZ,2022-03-10,-3,theft_from_motor_vehicle,36,0.5099873225651399
2022,AZ,2022-03-11,-2,burglary,32,0.4533220645023466
2022,AZ,2022-03-11,-2,motor_vehicle_theft,17,0.24082734676687162
2022,AZ,2022-03-11,-2,robbery,3,0.04249894354709499
2022,AZ,2022-03-11,-2,shoplifting,53,0.7508146693320115
2022,AZ,2022-03-11,-2,theft_from_building,15,0.21249471773547499
2022,AZ,2022-03-11,-2,theft_from_motor_vehicle,36,0.5099873225651399
2022,AZ,2022-03-12,-1,burglary,26,0.3683241774081566
2022,AZ,2022-03-12,-1,motor_vehicle_theft,22,0.31165891934536327
2022,AZ,2022-03-12,-1,robbery,3,0.04249894354709499
2022,AZ,2022-03-12,-1,shoplifting,42,0.5949852096593299
2022,AZ,2022-03-12,-1,theft_from_building,8,0.11333051612558664
2022,AZ,2022-03-12,-1,theft_from_motor_vehicle,34,0.48165469353374324
2022,AZ,2022-03-13,0,burglary,30,0.42498943547094997
2022,AZ,2022-03-13,0,motor_vehicle_theft,21,0.29749260482966494
2022,AZ,2022-03-13,0,robbery,3,0.04249894354709499
2022,AZ,2022-03-13,0,shoplifting,34,0.48165469353374324
2022,AZ,2022-03-13,0,theft_from_building,6,0.08499788709418998
2022,AZ,2022-03-13,0,theft_from_motor_vehicle,41,0.5808188951436316
2022,AZ,2022-03-14,1,burglary,18,0.25499366128256995
2022,AZ,2022-03-14,1,motor_vehicle_theft,13,0.1841620887040783
2022,AZ,2022-03-14,1,robbery,3,0.04249894354709499
2022,AZ,2022-03-14,1,shoplifting,57,0.8074799273948048
2022,AZ,2022-03-14,1,theft_from_building,9,0.12749683064128498
2022,AZ,2022-03-14,1,theft_from_motor_vehicle,42,0.5949852096593299
2022,AZ,2022-03-15,2,burglary,23,0.3258252338610616
2022,AZ,2022-03-15,2,motor_vehicle_theft,25,0.35415786289245826
2022,AZ,2022-03-15,2,robbery,2,0.02833262903139666
2022,AZ,2022-03-15,2,shoplifting,57,0.8074799273948048
2022,AZ,2022-03-15,2,theft_from_building,11,0.15582945967268164
2022,AZ,2022-03-15,2,theft_from_motor_vehicle,58,0.8216462419105032
2022,AZ,2022-03-16,3,burglary,28,0.39665680643955326
2022,AZ,2022-03-16,3,motor_vehicle_theft,13,0.1841620887040783
2022,AZ,2022-03-16,3,robbery,7,0.09916420160988831
2022,AZ,2022-03-16,3,shoplifting,52,0.7366483548163132
2022,AZ,2022-03-16,3,theft_from_building,6,0.08499788709418998
2022,AZ,2022-03-16,3,theft_from_motor_vehicle,28,0.39665680643955326
2022,AZ,2022-03-17,4,burglary,24,0.33999154837675993
2022,AZ,2022-03-17,4,motor_vehicle_theft,18,0.25499366128256995
2022,AZ,2022-03-17,4,robbery,3,0.04249894354709499
2022,AZ,2022-03-17,4,shoplifting,51,0.7224820403006149
2022,AZ,2022-03-17,4,theft_from_building,11,0.15582945967268164
2022,AZ,2022-03-17,4,theft_from_motor_vehicle,27,0.3824904919238549
2022,AZ,2022-03-18,5,burglary,25,0.35415786289245826
2022,AZ,2022-03-18,5,motor_vehicle_theft,26,0.3683241774081566
2022,AZ,2022-03-18,5,robbery,7,0.09916420160988831
2022,AZ,2022-03-18,5,shoplifting,51,0.7224820403006149
2022,AZ,2022-03-18,5,theft_from_building,17,0.24082734676687162
2022,AZ,2022-03-18,5,theft_from_motor_vehicle,34,0.48165469353374324
2022,AZ,2022-03-19,6,burglary,26,0.3683241774081566
2022,AZ,2022-03-19,6,motor_vehicle_theft,16,0.2266610322511733
2022,AZ,2022-03-19,6,robbery,0,0.0
2022,AZ,2022-03-19,6,shoplifting,47,0.6658167822378215
2022,AZ,2022-03-19,6,theft_from_building,11,0.15582945967268164
2022,AZ,2022-03-19,6,theft_from_motor_vehicle,38,0.5383199515965366
2022,AZ,2022-03-20,7,burglary,32,0.4533220645023466
2022,AZ,2022-03-20,7,motor_vehicle_theft,16,0.2266610322511733
2022,AZ,2022-03-20,7,robbery,3,0.04249894354709499
2022,AZ,2022-03-20,7,shoplifting,40,0.5666525806279332
2022,AZ,2022-03-20,7,theft_from_building,8,0.11333051612558664
2022,AZ,2022-03-20,7,theft_from_motor_vehicle,30,0.42498943547094997
2022,AZ,2022-03-21,8,burglary,26,0.3683241774081566
2022,AZ,2022-03-21,8,motor_vehicle_theft,24,0.33999154837675993
2022,AZ,2022-03-21,8,robbery,4,0.05666525806279332
2022,AZ,2022-03-21,8,shoplifting,53,0.7508146693320115
2022,AZ,2022-03-21,8,theft_from_building,6,0.08499788709418998
2022,AZ,2022-03-21,8,theft_from_motor_vehicle,35,0.4958210080494416
2022,AZ,2022-03-22,9,burglary,24,0.33999154837675993
2022,AZ,2022-03-22,9,motor_vehicle_theft,18,0.25499366128256995
2022,AZ,2022-03-22,9,robbery,3,0.04249894354709499
2022,AZ,2022-03-22,9,shoplifting,57,0.8074799273948048
2022,AZ,2022-03-22,9,theft_from_building,12,0.16999577418837997
2022,AZ,2022-03-22,9,theft_from_motor_vehicle,30,0.42498943547094997
2022,AZ,2022-03-23,10,burglary,24,0.33999154837675993
2022,AZ,2022-03-23,10,motor_vehicle_theft,17,0.24082734676687162
2022,AZ,2022-03-23,10,robbery,6,0.08499788709418998
2022,AZ,2022-03-23,10,shoplifting,54,0.7649809838477099
2022,AZ,2022-03-23,10,theft_from_building,6,0.08499788709418998
2022,AZ,2022-03-23,10,theft_from_motor_vehicle,44,0.6233178386907265
2022,AZ,2022-03-24,11,burglary,35,0.4958210080494416
2022,AZ,2022-03-24,11,motor_vehicle_theft,13,0.1841620887040783
2022,AZ,2022-03-24,11,robbery,4,0.05666525806279332
2022,AZ,2022-03-24,11,shoplifting,53,0.7508146693320115
2022,AZ,2022-03-24,11,theft_from_building,13,0.1841620887040783
2022,AZ,2022-03-24,11,theft_from_motor_vehicle,35,0.4958210080494416
2022,AZ,2022-03-25,12,burglary,40,0.5666525806279332
2022,AZ,2022-03-25,12,motor_vehicle_theft,17,0.24082734676687162
2022,AZ,2022-03-25,12,robbery,5,0.07083157257849165
2022,AZ,2022-03-25,12,shoplifting,47,0.6658167822378215
2022,AZ,2022-03-25,12,theft_from_building,10,0.1416631451569833
2022,AZ,2022-03-25,12,theft_from_motor_vehicle,41,0.5808188951436316
2022,AZ,2022-03-26,13,burglary,21,0.29749260482966494
2022,AZ,2022-03-26,13,motor_vehicle_theft,19,0.2691599757982683
2022,AZ,2022-03-26,13,robbery,4,0.05666525806279332
2022,AZ,2022-03-26,13,shoplifting,39,0.552486266112235
2022,AZ,2022-03-26,13,theft_from_building,12,0.16999577418837997
2022,AZ,2022-03-26,13,theft_from_motor_vehicle,25,0.35415786289245826
2022,AZ,2022-03-27,14,burglary,19,0.2691599757982683
2022,AZ,2022-03-27,14,motor_vehicle_theft,16,0.2266610322511733
2022,AZ,2022-03-27,14,robbery,7,0.09916420160988831
2022,AZ,2022-03-27,14,shoplifting,42,0.5949852096593299
2022,AZ,2022-03-27,14,theft_from_building,9,0.12749683064128498
2022,AZ,2022-03-27,14,theft_from_motor_vehicle,19,0.2691599757982683
2023,AZ,2023-02-26,-14,burglary,25,0.3494699449556879
2023,AZ,2023-02-26,-14,motor_vehicle_theft,12,0.16774557357873018
2023,AZ,2023-02-26,-14,robbery,3,0.041936393394682546
2023,AZ,2023-02-26,-14,shoplifting,54,0.7548550811042859
2023,AZ,2023-02-26,-14,theft_from_building,13,0.1817243713769577
2023,AZ,2023-02-26,-14,theft_from_motor_vehicle,23,0.3215123493592329
2023,AZ,2023-02-27,-13,burglary,18,0.2516183603680953
2023,AZ,2023-02-27,-13,motor_vehicle_theft,17,0.23763956256986776
2023,AZ,2023-02-27,-13,robbery,2,0.02795759559645503
2023,AZ,2023-02-27,-13,shoplifting,56,0.7828126767007408
2023,AZ,2023-02-27,-13,theft_from_building,9,0.12580918018404766
2023,AZ,2023-02-27,-13,theft_from_motor_vehicle,20,0.2795759559645503
2023,AZ,2023-02-28,-12,burglary,24,0.33549114715746037
2023,AZ,2023-02-28,-12,motor_vehicle_theft,17,0.23763956256986776
2023,AZ,2023-02-28,-12,robbery,8,0.11183038238582012
2023,AZ,2023-02-28,-12,shoplifting,39,0.5451731141308732
2023,AZ,2023-02-28,-12,theft_from_building,5,0.06989398899113758
2023,AZ,2023-02-28,-12,theft_from_motor_vehicle,17,0.23763956256986776
2023,AZ,2023-03-01,-11,burglary,23,0.3215123493592329
2023,AZ,2023-03-01,-11,motor_vehicle_theft,15,0.20968196697341274
2023,AZ,2023-03-01,-11,robbery,3,0.041936393394682546
2023,AZ,2023-03-01,-11,shoplifting,46,0.6430246987184658
2023,AZ,2023-03-01,-11,theft_from_building,28,0.3914063383503704
2023,AZ,2023-03-01,-11,theft_from_motor_vehicle,18,0.2516183603680953
2023,AZ,2023-03-02,-10,burglary,19,0.26559715816632284
2023,AZ,2023-03-02,-10,motor_vehicle_theft,10,0.13978797798227516
2023,AZ,2023-03-02,-10,robbery,4,0.05591519119291006
2023,AZ,2023-03-02,-10,shoplifting,59,0.8247490700954234
2023,AZ,2023-03-02,-10,theft_from_building,13,0.1817243713769577
2023,AZ,2023-03-02,-10,theft_from_motor_vehicle,27,0.37742754055214295
2023,AZ,2023-03-03,-9,burglary,31,0.433342731745053
2023,AZ,2023-03-03,-9,motor_vehicle_theft,17,0.23763956256986776
2023,AZ,2023-03-03,-9,robbery,7,0.0978515845875926
2023,AZ,2023-03-03,-9,shoplifting,61,0.8527066656918785
2023,AZ,2023-03-03,-9,theft_from_building,16,0.22366076477164024
2023,AZ,2023-03-03,-9,theft_from_motor_vehicle,19,0.26559715816632284
2023,AZ,2023-03-04,-8,burglary,16,0.22366076477164024
2023,AZ,2023-03-04,-8,motor_vehicle_theft,12,0.16774557357873018
2023,AZ,2023-03-04,-8,robbery,4,0.05591519119291006
2023,AZ,2023-03-04,-8,shoplifting,59,0.8247490700954234
2023,AZ,2023-03-04,-8,theft_from_building,10,0.13978797798227516
2023,AZ,2023-03-04,-8,theft_from_motor_vehicle,19,0.26559715816632284
2023,AZ,2023-03-05,-7,burglary,25,0.3494699449556879
2023,AZ,2023-03-05,-7,motor_vehicle_theft,21,0.29355475376277784
2023,AZ,2023-03-05,-7,robbery,5,0.06989398899113758
2023,AZ,2023-03-05,-7,shoplifting,48,0.6709822943149207
2023,AZ,2023-03-05,-7,theft_from_building,8,0.11183038238582012
2023,AZ,2023-03-05,-7,theft_from_motor_vehicle,21,0.29355475376277784
2023,AZ,2023-03-06,-6,burglary,21,0.29355475376277784
2023,AZ,2023-03-06,-6,motor_vehicle_theft,16,0.22366076477164024
2023,AZ,2023-03-06,-6,robbery,7,0.0978515845875926
2023,AZ,2023-03-06,-6,shoplifting,40,0.5591519119291006
2023,AZ,2023-03-06,-6,theft_from_building,9,0.12580918018404766
2023,AZ,2023-03-06,-6,theft_from_motor_vehicle,22,0.30753355156100537
2023,AZ,2023-03-07,-5,burglary,24,0.33549114715746037
2023,AZ,2023-03-07,-5,motor_vehicle_theft,26,0.3634487427539154
2023,AZ,2023-03-07,-5,robbery,6,0.08387278678936509
2023,AZ,2023-03-07,-5,shoplifting,54,0.7548550811042859
2023,AZ,2023-03-07,-5,theft_from_building,10,0.13978797798227516
2023,AZ,2023-03-07,-5,theft_from_motor_vehicle,39,0.5451731141308732
2023,AZ,2023-03-08,-4,burglary,25,0.3494699449556879
2023,AZ,2023-03-08,-4,motor_vehicle_theft,16,0.22366076477164024
2023,AZ,2023-03-08,-4,robbery,7,0.0978515845875926
2023,AZ,2023-03-08,-4,shoplifting,50,0.6989398899113758
2023,AZ,2023-03-08,-4,theft_from_building,11,0.15376677578050268
2023,AZ,2023-03-08,-4,theft_from_motor_vehicle,18,0.2516183603680953
2023,AZ,2023-03-09,-3,burglary,13,0.1817243713769577
2023,AZ,2023-03-09,-3,motor_vehicle_theft,15,0.20968196697341274
2023,AZ,2023-03-09,-3,robbery,2,0.02795759559645503
2023,AZ,2023-03-09,-3,shoplifting,47,0.6570034965166933
2023,AZ,2023-03-09,-3,theft_from_building,14,0.1957031691751852
2023,AZ,2023-03-09,-3,theft_from_motor_vehicle,27,0.37742754055214295
2023,AZ,2023-03-10,-2,burglary,23,0.3215123493592329
2023,AZ,2023-03-10,-2,motor_vehicle_theft,21,0.29355475376277784
2023,AZ,2023-03-10,-2,robbery,4,0.05591519119291006
2023,AZ,2023-03-10,-2,shoplifting,57,0.7967914744989684
2023,AZ,2023-03-10,-2,theft_from_building,12,0.16774557357873018
2023,AZ,2023-03-10,-2,theft_from_motor_vehicle,26,0.3634487427539154
2023,AZ,2023-03-11,-1,burglary,19,0.26559715816632284
2023,AZ,2023-03-11,-1,motor_vehicle_theft,19,0.26559715816632284
2023,AZ,2023-03-11,-1,robbery,3,0.041936393394682546
2023,AZ,2023-03-11,-1,shoplifting,50,0.6989398899113758
2023,AZ,2023-03-11,-1,theft_from_building,11,0.15376677578050268
2023,AZ,2023-03-11,-1,theft_from_motor_vehicle,37,0.5172155185344182
2023,AZ,2023-03-12,0,burglary,17,0.23763956256986776
2023,AZ,2023-03-12,0,motor_vehicle_theft,19,0.26559715816632284
2023,AZ,2023-03-12,0,robbery,1,0.013978797798227515
2023,AZ,2023-03-12,0,shoplifting,49,0.6849610921131483
2023,AZ,2023-03-12,0,theft_from_building,6,0.08387278678936509
2023,AZ,2023-03-12,0,theft_from_motor_vehicle,31,0.433342731745053
2023,AZ,2023-03-13,1,burglary,27,0.37742754055214295
2023,AZ,2023-03-13,1,motor_vehicle_theft,24,0.33549114715746037
2023,AZ,2023-03-13,1,robbery,6,0.08387278678936509
2023,AZ,2023-03-13,1,shoplifting,44,0.6150671031220107
2023,AZ,2023-03-13,1,theft_from_building,9,0.12580918018404766
2023,AZ,2023-03-13,1,theft_from_motor_vehicle,16,0.22366076477164024
2023,AZ,2023-03-14,2,burglary,33,0.461300327341508
2023,AZ,2023-03-14,2,motor_vehicle_theft,15,0.20968196697341274
2023,AZ,2023-03-14,2,robbery,2,0.02795759559645503
2023,AZ,2023-03-14,2,shoplifting,52,0.7268974855078308
2023,AZ,2023-03-14,2,theft_from_building,10,0.13978797798227516
2023,AZ,2023-03-14,2,theft_from_motor_vehicle,21,0.29355475376277784
2023,AZ,2023-03-15,3,burglary,31,0.433342731745053
2023,AZ,2023-03-15,3,motor_vehicle_theft,23,0.3215123493592329
2023,AZ,2023-03-15,3,robbery,1,0.013978797798227515
2023,AZ,2023-03-15,3,shoplifting,46,0.6430246987184658
2023,AZ,2023-03-15,3,theft_from_building,9,0.12580918018404766
2023,AZ,2023-03-15,3,theft_from_motor_vehicle,18,0.2516183603680953
2023,AZ,2023-03-16,4,burglary,18,0.2516183603680953
2023,AZ,2023-03-16,4,motor_vehicle_theft,22,0.30753355156100537
2023,AZ,2023-03-16,4,robbery,2,0.02795759559645503
2023,AZ,2023-03-16,4,shoplifting,42,0.5871095075255557
2023,AZ,2023-03-16,4,theft_from_building,11,0.15376677578050268
2023,AZ,2023-03-16,4,theft_from_motor_vehicle,35,0.48925792293796305
2023,AZ,2023-03-17,5,burglary,23,0.3215123493592329
2023,AZ,2023-03-17,5,motor_vehicle_theft,17,0.23763956256986776
2023,AZ,2023-03-17,5,robbery,4,0.05591519119291006
2023,AZ,2023-03-17,5,shoplifting,57,0.7967914744989684
2023,AZ,2023-03-17,5,theft_from_building,15,0.20968196697341274
2023,AZ,2023-03-17,5,theft_from_motor_vehicle,29,0.40538513614859795
2023,AZ,2023-03-18,6,burglary,28,0.3914063383503704
2023,AZ,2023-03-18,6,motor_vehicle_theft,22,0.30753355156100537
2023,AZ,2023-03-18,6,robbery,2,0.02795759559645503
2023,AZ,2023-03-18,6,shoplifting,47,0.6570034965166933
2023,AZ,2023-03-18,6,theft_from_building,14,0.1957031691751852
2023,AZ,2023-03-18,6,theft_from_motor_vehicle,27,0.37742754055214295
2023,AZ,2023-03-19,7,burglary,30,0.4193639339468255
2023,AZ,2023-03-19,7,motor_vehicle_theft,21,0.29355475376277784
2023,AZ,2023-03-19,7,robbery,3,0.041936393394682546
2023,AZ,2023-03-19,7,shoplifting,47,0.6570034965166933
2023,AZ,2023-03-19,7,theft_from_building,7,0.0978515845875926
2023,AZ,2023-03-19,7,theft_from_motor_vehicle,32,0.44732152954328047
2023,AZ,2023-03-20,8,burglary,14,0.1957031691751852
2023,AZ,2023-03-20,8,motor_vehicle_theft,21,0.29355475376277784
2023,AZ,2023-03-20,8,robbery,3,0.041936393394682546
2023,AZ,2023-03-20,8,shoplifting,63,0.8806642612883335
2023,AZ,2023-03-20,8,theft_from_building,9,0.12580918018404766
2023,AZ,2023-03-20,8,theft_from_motor_vehicle,24,0.33549114715746037
2023,AZ,2023-03-21,9,burglary,16,0.22366076477164024
2023,AZ,2023-03-21,9,motor_vehicle_theft,12,0.16774557357873018
2023,AZ,2023-03-21,9,robbery,1,0.013978797798227515
2023,AZ,2023-03-21,9,shoplifting,50,0.6989398899113758
2023,AZ,2023-03-21,9,theft_from_building,13,0.1817243713769577
2023,AZ,2023-03-21,9,theft_from_motor_vehicle,34,0.4752791251397355
2023,AZ,2023-03-22,10,burglary,21,0.29355475376277784
2023,AZ,2023-03-22,10,motor_vehicle_theft,21,0.29355475376277784
2023,AZ,2023-03-22,10,robbery,2,0.02795759559645503
2023,AZ,2023-03-22,10,shoplifting,46,0.6430246987184658
2023,AZ,2023-03-22,10,theft_from_building,16,0.22366076477164024
2023,AZ,2023-03-22,10,theft_from_motor_vehicle,43,0.6010883053237832
2023,AZ,2023-03-23,11,burglary,24,0.33549114715746037
2023,AZ,2023-03-23,11,motor_vehicle_theft,19,0.26559715816632284
2023,AZ,2023-03-23,11,robbery,2,0.02795759559645503
2023,AZ,2023-03-23,11,shoplifting,55,0.7688338789025134
2023,AZ,2023-03-23,11,theft_from_building,12,0.16774557357873018
2023,AZ,2023-03-23,11,theft_from_motor_vehicle,25,0.3494699449556879
2023,AZ,2023-03-24,12,burglary,23,0.3215123493592329
2023,AZ,2023-03-24,12,motor_vehicle_theft,28,0.3914063383503704
2023,AZ,2023-03-24,12,robbery,1,0.013978797798227515
2023,AZ,2023-03-24,12,shoplifting,51,0.7129186877096033
2023,AZ,2023-03-24,12,theft_from_building,22,0.30753355156100537
2023,AZ,2023-03-24,12,theft_from_motor_vehicle,23,0.3215123493592329
2023,AZ,2023-03-25,13,burglary,23,0.3215123493592329
2023,AZ,2023-03-25,13,motor_vehicle_theft,17,0.23763956256986776
2023,AZ,2023-03-25,13,robbery,4,0.05591519119291006
2023,AZ,2023-03-25,13,shoplifting,69,0.9645370480776986
2023,AZ,2023-03-25,13,theft_from_building,8,0.11183038238582012
2023,AZ,2023-03-25,13,theft_from_motor_vehicle,19,0.26559715816632284
2023,AZ,2023-03-26,14,burglary,21,0.29355475376277784
2023,AZ,2023-03-26,14,motor_vehicle_theft,27,0.37742754055214295
2023,AZ,2023-03-26,14,robbery,2,0.02795759559645503
2023,AZ,2023-03-26,14,shoplifting,52,0.7268974855078308
2023,AZ,2023-03-26,14,theft_from_building,10,0.13978797798227516
2023,AZ,2023-03-26,14,theft_from_motor_vehicle,41,0.5731307097273282
2024,AZ,2024-02-25,-14,burglary,18,0.24783464802729815
2024,AZ,2024-02-25,-14,motor_vehicle_theft,29,0.3992891551550915
2024,AZ,2024-02-25,-14,robbery,7,0.09638014089950483
2024,AZ,2024-02-25,-14,shoplifting,96,1.3217847894789234
2024,AZ,2024-02-25,-14,theft_from_building,11,0.15145450712779332
2024,AZ,2024-02-25,-14,theft_from_motor_vehicle,37,0.5094378876116684
2024,AZ,2024-02-26,-13,burglary,23,0.31667760581265875
2024,AZ,2024-02-26,-13,motor_vehicle_theft,29,0.3992891551550915
2024,AZ,2024-02-26,-13,robbery,8,0.11014873245657697
2024,AZ,2024-02-26,-13,shoplifting,81,1.1152559161228417
2024,AZ,2024-02-26,-13,theft_from_building,14,0.19276028179900967
2024,AZ,2024-02-26,-13,theft_from_motor_vehicle,38,0.5232064791687405
2024,AZ,2024-02-27,-12,burglary,25,0.344214788926803
2024,AZ,2024-02-27,-12,motor_vehicle_theft,29,0.3992891551550915
2024,AZ,2024-02-27,-12,robbery,2,0.027537183114144242
2024,AZ,2024-02-27,-12,shoplifting,84,1.1565616907940581
2024,AZ,2024-02-27,-12,theft_from_building,20,0.2753718311414424
2024,AZ,2024-02-27,-12,theft_from_motor_vehicle,40,0.5507436622828848
2024,AZ,2024-02-28,-11,burglary,27,0.3717519720409473
2024,AZ,2024-02-28,-11,motor_vehicle_theft,19,0.26160323958437026
2024,AZ,2024-02-28,-11,robbery,5,0.0688429577853606
2024,AZ,2024-02-28,-11,shoplifting,72,0.9913385921091926
2024,AZ,2024-02-28,-11,theft_from_building,21,0.28914042269851453
2024,AZ,2024-02-28,-11,theft_from_motor_vehicle,29,0.3992891551550915
2024,AZ,2024-02-29,-10,burglary,28,0.38552056359801934
2024,AZ,2024-02-29,-10,motor_vehicle_theft,19,0.26160323958437026
2024,AZ,2024-02-29,-10,robbery,5,0.0688429577853606
2024,AZ,2024-02-29,-10,shoplifting,90,1.2391732401364908
2024,AZ,2024-02-29,-10,theft_from_building,14,0.19276028179900967
2024,AZ,2024-02-29,-10,theft_from_motor_vehicle,22,0.30290901425558664
2024,AZ,2024-03-01,-9,burglary,38,0.5232064791687405
2024,AZ,2024-03-01,-9,motor_vehicle_theft,26,0.3579833804838751
2024,AZ,2024-03-01,-9,robbery,5,0.0688429577853606
2024,AZ,2024-03-01,-9,shoplifting,93,1.2804790148077072
2024,AZ,2024-03-01,-9,theft_from_building,24,0.33044619736973085
2024,AZ,2024-03-01,-9,theft_from_motor_vehicle,40,0.5507436622828848
2024,AZ,2024-03-02,-8,burglary,31,0.4268263382692357
2024,AZ,2024-03-02,-8,motor_vehicle_theft,39,0.5369750707258127
2024,AZ,2024-03-02,-8,robbery,9,0.12391732401364908
2024,AZ,2024-03-02,-8,shoplifting,79,1.0877187330086975
2024,AZ,2024-03-02,-8,theft_from_building,5,0.0688429577853606
2024,AZ,2024-03-02,-8,theft_from_motor_vehicle,36,0.4956692960545963
2024,AZ,2024-03-03,-7,burglary,26,0.3579833804838751
2024,AZ,2024-03-03,-7,motor_vehicle_theft,36,0.4956692960545963
2024,AZ,2024-03-03,-7,robbery,8,0.11014873245657697
2024,AZ,2024-03-03,-7,shoplifting,86,1.1840988739082023
2024,AZ,2024-03-03,-7,theft_from_building,14,0.19276028179900967
2024,AZ,2024-03-03,-7,theft_from_motor_vehicle,28,0.38552056359801934
2024,AZ,2024-03-04,-6,burglary,23,0.31667760581265875
2024,AZ,2024-03-04,-6,motor_vehicle_theft,30,0.4130577467121636
2024,AZ,2024-03-04,-6,robbery,5,0.0688429577853606
2024,AZ,2024-03-04,-6,shoplifting,80,1.1014873245657697
2024,AZ,2024-03-04,-6,theft_from_building,7,0.09638014089950483
2024,AZ,2024-03-04,-6,theft_from_motor_vehicle,35,0.4819007044975242
2024,AZ,2024-03-05,-5,burglary,23,0.31667760581265875
2024,AZ,2024-03-05,-5,motor_vehicle_theft,25,0.344214788926803
2024,AZ,2024-03-05,-5,robbery,5,0.0688429577853606
2024,AZ,2024-03-05,-5,shoplifting,85,1.1703302823511301
2024,AZ,2024-03-05,-5,theft_from_building,12,0.16522309868486543
2024,AZ,2024-03-05,-5,theft_from_motor_vehicle,28,0.38552056359801934
2024,AZ,2024-03-06,-4,burglary,18,0.24783464802729815
2024,AZ,2024-03-06,-4,motor_vehicle_theft,16,0.22029746491315394
2024,AZ,2024-03-06,-4,robbery,5,0.0688429577853606
2024,AZ,2024-03-06,-4,shoplifting,109,1.5007764797208611
2024,AZ,2024-03-06,-4,theft_from_building,9,0.12391732401364908
2024,AZ,2024-03-06,-4,theft_from_motor_vehicle,40,0.5507436622828848
2024,AZ,2024-03-07,-3,burglary,25,0.344214788926803
2024,AZ,2024-03-07,-3,motor_vehicle_theft,15,0.2065288733560818
2024,AZ,2024-03-07,-3,robbery,4,0.055074366228288485
2024,AZ,2024-03-07,-3,shoplifting,78,1.0739501414516255
2024,AZ,2024-03-07,-3,theft_from_building,17,0.23406605647022605
2024,AZ,2024-03-07,-3,theft_from_motor_vehicle,29,0.3992891551550915
2024,AZ,2024-03-08,-2,burglary,25,0.344214788926803
2024,AZ,2024-03-08,-2,motor_vehicle_theft,29,0.3992891551550915
2024,AZ,2024-03-08,-2,robbery,3,0.04130577467121636
2024,AZ,2024-03-08,-2,shoplifting,74,1.0188757752233368
2024,AZ,2024-03-08,-2,theft_from_building,17,0.23406605647022605
2024,AZ,2024-03-08,-2,theft_from_motor_vehicle,44,0.6058180285111733
2024,AZ,2024-03-09,-1,burglary,25,0.344214788926803
2024,AZ,2024-03-09,-1,motor_vehicle_theft,26,0.3579833804838751
2024,AZ,2024-03-09,-1,robbery,4,0.055074366228288485
2024,AZ,2024-03-09,-1,shoplifting,75,1.032644366780409
2024,AZ,2024-03-09,-1,theft_from_building,10,0.1376859155707212
2024,AZ,2024-03-09,-1,theft_from_motor_vehicle,44,0.6058180285111733
2024,AZ,2024-03-10,0,burglary,37,0.5094378876116684
2024,AZ,2024-03-10,0,motor_vehicle_theft,21,0.28914042269851453
2024,AZ,2024-03-10,0,robbery,3,0.04130577467121636
2024,AZ,2024-03-10,0,shoplifting,74,1.0188757752233368
2024,AZ,2024-03-10,0,theft_from_building,17,0.23406605647022605
2024,AZ,2024-03-10,0,theft_from_motor_vehicle,38,0.5232064791687405
2024,AZ,2024-03-11,1,burglary,30,0.4130577467121636
2024,AZ,2024-03-11,1,motor_vehicle_theft,35,0.4819007044975242
2024,AZ,2024-03-11,1,robbery,6,0.08261154934243271
2024,AZ,2024-03-11,1,shoplifting,77,1.0601815498945533
2024,AZ,2024-03-11,1,theft_from_building,14,0.19276028179900967
2024,AZ,2024-03-11,1,theft_from_motor_vehicle,31,0.4268263382692357
2024,AZ,2024-03-12,2,burglary,33,0.45436352138337993
2024,AZ,2024-03-12,2,motor_vehicle_theft,27,0.3717519720409473
2024,AZ,2024-03-12,2,robbery,6,0.08261154934243271
2024,AZ,2024-03-12,2,shoplifting,78,1.0739501414516255
2024,AZ,2024-03-12,2,theft_from_building,14,0.19276028179900967
2024,AZ,2024-03-12,2,theft_from_motor_vehicle,29,0.3992891551550915
2024,AZ,2024-03-13,3,burglary,29,0.3992891551550915
2024,AZ,2024-03-13,3,motor_vehicle_theft,38,0.5232064791687405
2024,AZ,2024-03-13,3,robbery,6,0.08261154934243271
2024,AZ,2024-03-13,3,shoplifting,90,1.2391732401364908
2024,AZ,2024-03-13,3,theft_from_building,9,0.12391732401364908
2024,AZ,2024-03-13,3,theft_from_motor_vehicle,33,0.45436352138337993
2024,AZ,2024-03-14,4,burglary,23,0.31667760581265875
2024,AZ,2024-03-14,4,motor_vehicle_theft,32,0.4405949298263079
2024,AZ,2024-03-14,4,robbery,3,0.04130577467121636
2024,AZ,2024-03-14,4,shoplifting,80,1.1014873245657697
2024,AZ,2024-03-14,4,theft_from_building,8,0.11014873245657697
2024,AZ,2024-03-14,4,theft_from_motor_vehicle,35,0.4819007044975242
2024,AZ,2024-03-15,5,burglary,35,0.4819007044975242
2024,AZ,2024-03-15,5,motor_vehicle_theft,32,0.4405949298263079
2024,AZ,2024-03-15,5,robbery,9,0.12391732401364908
2024,AZ,2024-03-15,5,shoplifting,84,1.1565616907940581
2024,AZ,2024-03-15,5,theft_from_building,22,0.30290901425558664
2024,AZ,2024-03-15,5,theft_from_motor_vehicle,29,0.3992891551550915
2024,AZ,2024-03-16,6,burglary,21,0.28914042269851453
2024,AZ,2024-03-16,6,motor_vehicle_theft,32,0.4405949298263079
2024,AZ,2024-03-16,6,robbery,8,0.11014873245657697
2024,AZ,2024-03-16,6,shoplifting,75,1.032644366780409
2024,AZ,2024-03-16,6,theft_from_building,6,0.08261154934243271
2024,AZ,2024-03-16,6,theft_from_motor_vehicle,24,0.33044619736973085
2024,AZ,2024-03-17,7,burglary,21,0.28914042269851453
2024,AZ,2024-03-17,7,motor_vehicle_theft,25,0.344214788926803
2024,AZ,2024-03-17,7,robbery,5,0.0688429577853606
2024,AZ,2024-03-17,7,shoplifting,87,1.1978674654652743
2024,AZ,2024-03-17,7,theft_from_building,7,0.09638014089950483
2024,AZ,2024-03-17,7,theft_from_motor_vehicle,16,0.22029746491315394
2024,AZ,2024-03-18,8,burglary,33,0.45436352138337993
2024,AZ,2024-03-18,8,motor_vehicle_theft,21,0.28914042269851453
2024,AZ,2024-03-18,8,robbery,6,0.08261154934243271
2024,AZ,2024-03-18,8,shoplifting,92,1.266710423250635
2024,AZ,2024-03-18,8,theft_from_building,22,0.30290901425558664
2024,AZ,2024-03-18,8,theft_from_motor_vehicle,47,0.6471238031823897
2024,AZ,2024-03-19,9,burglary,24,0.33044619736973085
2024,AZ,2024-03-19,9,motor_vehicle_theft,25,0.344214788926803
2024,AZ,2024-03-19,9,robbery,1,0.013768591557072121
2024,AZ,2024-03-19,9,shoplifting,104,1.4319335219355005
2024,AZ,2024-03-19,9,theft_from_building,16,0.22029746491315394
2024,AZ,2024-03-19,9,theft_from_motor_vehicle,27,0.3717519720409473
2024,AZ,2024-03-20,10,burglary,34,0.4681321129404521
2024,AZ,2024-03-20,10,motor_vehicle_theft,26,0.3579833804838751
2024,AZ,2024-03-20,10,robbery,7,0.09638014089950483
2024,AZ,2024-03-20,10,shoplifting,94,1.2942476063647794
2024,AZ,2024-03-20,10,theft_from_building,5,0.0688429577853606
2024,AZ,2024-03-20,10,theft_from_motor_vehicle,37,0.5094378876116684
2024,AZ,2024-03-21,11,burglary,18,0.24783464802729815
2024,AZ,2024-03-21,11,motor_vehicle_theft,33,0.45436352138337993
2024,AZ,2024-03-21,11,robbery,2,0.027537183114144242
2024,AZ,2024-03-21,11,shoplifting,80,1.1014873245657697
2024,AZ,2024-03-21,11,theft_from_building,11,0.15145450712779332
2024,AZ,2024-03-21,11,theft_from_motor_vehicle,27,0.3717519720409473
2024,AZ,2024-03-22,12,burglary,33,0.45436352138337993
2024,AZ,2024-03-22,12,motor_vehicle_theft,27,0.3717519720409473
2024,AZ,2024-03-22,12,robbery,4,0.055074366228288485
2024,AZ,2024-03-22,12,shoplifting,78,1.0739501414516255
2024,AZ,2024-03-22,12,theft_from_building,16,0.22029746491315394
2024,AZ,2024-03-22,12,theft_from_motor_vehicle,21,0.28914042269851453
2024,AZ,2024-03-23,13,burglary,29,0.3992891551550915
2024,AZ,2024-03-23,13,motor_vehicle_theft,26,0.3579833804838751
2024,AZ,2024-03-23,13,robbery,3,0.04130577467121636
2024,AZ,2024-03-23,13,shoplifting,97,1.3355533810359956
2024,AZ,2024-03-23,13,theft_from_building,11,0.15145450712779332
2024,AZ,2024-03-23,13,theft_from_motor_vehicle,28,0.38552056359801934
2024,AZ,2024-03-24,14,burglary,20,0.2753718311414424
2024,AZ,2024-03-24,14,motor_vehicle_theft,30,0.4130577467121636
2024,AZ,2024-03-24,14,robbery,4,0.055074366228288485
2024,AZ,2024-03-24,14,shoplifting,72,0.9913385921091926
2024,AZ,2024-03-24,14,theft_from_building,5,0.0688429577853606
2024,AZ,2024-03-24,14,theft_from_motor_vehicle,34,0.4681321129404521
2022,CA,2022-02-27,-14,burglary,110,0.28102507934232157
2022,CA,2022-02-27,-14,motor_vehicle_theft,121,0.30912758727655376
2022,CA,2022-02-27,-14,robbery,37,0.09452661759696272
2022,CA,2022-02-27,-14,shoplifting,71,0.18138891484822578
2022,CA,2022-02-27,-14,theft_from_building,15,0.0383216017284984
2022,CA,2022-02-27,-14,theft_from_motor_vehicle,134,0.34233964210791906
2022,CA,2022-02-28,-13,burglary,101,0.25803211830522255
2022,CA,2022-02-28,-13,motor_vehicle_theft,149,0.3806612438364174
2022,CA,2022-02-28,-13,robbery,31,0.07919797690556336
2022,CA,2022-02-28,-13,shoplifting,74,0.18905323519392545
2022,CA,2022-02-28,-13,theft_from_building,26,0.06642410966273056
2022,CA,2022-02-28,-13,theft_from_motor_vehicle,160,0.4087637517706496
2022,CA,2022-03-01,-12,burglary,130,0.3321205483136528
2022,CA,2022-03-01,-12,motor_vehicle_theft,139,0.3551135093507518
2022,CA,2022-03-01,-12,robbery,33,0.08430752380269649
2022,CA,2022-03-01,-12,shoplifting,97,0.24781302451095633
2022,CA,2022-03-01,-12,theft_from_building,39,0.09963616449409585
2022,CA,2022-03-01,-12,theft_from_motor_vehicle,155,0.3959898845278168
2022,CA,2022-03-02,-11,burglary,90,0.22992961037099038
2022,CA,2022-03-02,-11,motor_vehicle_theft,130,0.3321205483136528
2022,CA,2022-03-02,-11,robbery,37,0.09452661759696272
2022,CA,2022-03-02,-11,shoplifting,64,0.16350550070825984
2022,CA,2022-03-02,-11,theft_from_building,30,0.0766432034569968
2022,CA,2022-03-02,-11,theft_from_motor_vehicle,173,0.4419758066020149
2022,CA,2022-03-03,-10,burglary,109,0.27847030589375504
2022,CA,2022-03-03,-10,motor_vehicle_theft,145,0.3704421500421512
2022,CA,2022-03-03,-10,robbery,27,0.06897888311129712
2022,CA,2022-03-03,-10,shoplifting,98,0.25036779795952285
2022,CA,2022-03-03,-10,theft_from_building,34,0.08686229725126304
2022,CA,2022-03-03,-10,theft_from_motor_vehicle,181,0.46241399419054735
2022,CA,2022-03-04,-9,burglary,113,0.2886893996880213
2022,CA,2022-03-04,-9,motor_vehicle_theft,156,0.3985446579763834
2022,CA,2022-03-04,-9,robbery,28,0.07153365655986368
2022,CA,2022-03-04,-9,shoplifting,96,0.24525825106238977
2022,CA,2022-03-04,-9,theft_from_building,28,0.07153365655986368
2022,CA,2022-03-04,-9,theft_from_motor_vehicle,157,0.4010994314249499
2022,CA,2022-03-05,-8,burglary,121,0.30912758727655376
2022,CA,2022-03-05,-8,motor_vehicle_theft,146,0.3729969234907178
2022,CA,2022-03-05,-8,robbery,38,0.09708139104552929
2022,CA,2022-03-05,-8,shoplifting,86,0.21971051657672416
2022,CA,2022-03-05,-8,theft_from_building,33,0.08430752380269649
2022,CA,2022-03-05,-8,theft_from_motor_vehicle,150,0.38321601728498406
2022,CA,2022-03-06,-7,burglary,76,0.19416278209105858
2022,CA,2022-03-06,-7,motor_vehicle_theft,133,0.3397848686593525
2022,CA,2022-03-06,-7,robbery,27,0.06897888311129712
2022,CA,2022-03-06,-7,shoplifting,91,0.23248438381955694
2022,CA,2022-03-06,-7,theft_from_building,21,0.05365024241989776
2022,CA,2022-03-06,-7,theft_from_motor_vehicle,132,0.33723009521078595
2022,CA,2022-03-07,-6,burglary,110,0.28102507934232157
2022,CA,2022-03-07,-6,motor_vehicle_theft,132,0.33723009521078595
2022,CA,2022-03-07,-6,robbery,38,0.09708139104552929
2022,CA,2022-03-07,-6,shoplifting,90,0.22992961037099038
2022,CA,2022-03-07,-6,theft_from_building,19,0.048540695522764646
2022,CA,2022-03-07,-6,theft_from_motor_vehicle,159,0.406208978322083
2022,CA,2022-03-08,-5,burglary,113,0.2886893996880213
2022,CA,2022-03-08,-5,motor_vehicle_theft,111,0.28357985279088815
2022,CA,2022-03-08,-5,robbery,38,0.09708139104552929
2022,CA,2022-03-08,-5,shoplifting,65,0.1660602741568264
2022,CA,2022-03-08,-5,theft_from_building,23,0.058759789317030874
2022,CA,2022-03-08,-5,theft_from_motor_vehicle,164,0.41898284556491583
2022,CA,2022-03-09,-4,burglary,103,0.2631416652023557
2022,CA,2022-03-09,-4,motor_vehicle_theft,136,0.3474491890050522
2022,CA,2022-03-09,-4,robbery,32,0.08175275035412992
2022,CA,2022-03-09,-4,shoplifting,87,0.22226529002529072
2022,CA,2022-03-09,-4,theft_from_building,31,0.07919797690556336
2022,CA,2022-03-09,-4,theft_from_motor_vehicle,178,0.45474967384484766
2022,CA,2022-03-10,-3,burglary,117,0.29890849348228754
2022,CA,2022-03-10,-3,motor_vehicle_theft,148,0.3781064703878509
2022,CA,2022-03-10,-3,robbery,37,0.09452661759696272
2022,CA,2022-03-10,-3,shoplifting,96,0.24525825106238977
2022,CA,2022-03-10,-3,theft_from_building,27,0.06897888311129712
2022,CA,2022-03-10,-3,theft_from_motor_vehicle,161,0.41131852521921614
2022,CA,2022-03-11,-2,burglary,127,0.32445622796795315
2022,CA,2022-03-11,-2,motor_vehicle_theft,145,0.3704421500421512
2022,CA,2022-03-11,-2,robbery,28,0.07153365655986368
2022,CA,2022-03-11,-2,shoplifting,97,0.24781302451095633
2022,CA,2022-03-11,-2,theft_from_building,33,0.08430752380269649
2022,CA,2022-03-11,-2,theft_from_motor_vehicle,184,0.470078314536247
2022,CA,2022-03-12,-1,burglary,114,0.29124417313658785
2022,CA,2022-03-12,-1,motor_vehicle_theft,147,0.3755516969392843
2022,CA,2022-03-12,-1,robbery,20,0.0510954689713312
2022,CA,2022-03-12,-1,shoplifting,80,0.2043818758853248
2022,CA,2022-03-12,-1,theft_from_building,32,0.08175275035412992
2022,CA,2022-03-12,-1,theft_from_motor_vehicle,167,0.4266471659106156
2022,CA,2022-03-13,0,burglary,108,0.27591553244518846
2022,CA,2022-03-13,0,motor_vehicle_theft,114,0.29124417313658785
2022,CA,2022-03-13,0,robbery,32,0.08175275035412992
2022,CA,2022-03-13,0,shoplifting,70,0.1788341413996592
2022,CA,2022-03-13,0,theft_from_building,17,0.04343114862563152
2022,CA,2022-03-13,0,theft_from_motor_vehicle,152,0.38832556418211717
2022,CA,2022-03-14,1,burglary,111,0.28357985279088815
2022,CA,2022-03-14,1,motor_vehicle_theft,114,0.29124417313658785
2022,CA,2022-03-14,1,robbery,33,0.08430752380269649
2022,CA,2022-03-14,1,shoplifting,71,0.18138891484822578
2022,CA,2022-03-14,1,theft_from_building,34,0.08686229725126304
2022,CA,2022-03-14,1,theft_from_motor_vehicle,199,0.5083999162647455
2022,CA,2022-03-15,2,burglary,128,0.3270110014165197
2022,CA,2022-03-15,2,motor_vehicle_theft,141,0.360223056247885
2022,CA,2022-03-15,2,robbery,36,0.09197184414839617
2022,CA,2022-03-15,2,shoplifting,75,0.19160800864249203
2022,CA,2022-03-15,2,theft_from_building,33,0.08430752380269649
2022,CA,2022-03-15,2,theft_from_motor_vehicle,190,0.48540695522764643
2022,CA,2022-03-16,3,burglary,90,0.22992961037099038
2022,CA,2022-03-16,3,motor_vehicle_theft,128,0.3270110014165197
2022,CA,2022-03-16,3,robbery,29,0.07408843000843024
2022,CA,2022-03-16,3,shoplifting,87,0.22226529002529072
2022,CA,2022-03-16,3,theft_from_building,29,0.07408843000843024
2022,CA,2022-03-16,3,theft_from_motor_vehicle,183,0.46752354108768046
2022,CA,2022-03-17,4,burglary,101,0.25803211830522255
2022,CA,2022-03-17,4,motor_vehicle_theft,134,0.34233964210791906
2022,CA,2022-03-17,4,robbery,34,0.08686229725126304
2022,CA,2022-03-17,4,shoplifting,86,0.21971051657672416
2022,CA,2022-03-17,4,theft_from_building,38,0.09708139104552929
2022,CA,2022-03-17,4,theft_from_motor_vehicle,150,0.38321601728498406
2022,CA,2022-03-18,5,burglary,147,0.3755516969392843
2022,CA,2022-03-18,5,motor_vehicle_theft,141,0.360223056247885
2022,CA,2022-03-18,5,robbery,34,0.08686229725126304
2022,CA,2022-03-18,5,shoplifting,76,0.19416278209105858
2022,CA,2022-03-18,5,theft_from_building,34,0.08686229725126304
2022,CA,2022-03-18,5,theft_from_motor_vehicle,192,0.49051650212477954
2022,CA,2022-03-19,6,burglary,132,0.33723009521078595
2022,CA,2022-03-19,6,motor_vehicle_theft,116,0.29635372003372096
2022,CA,2022-03-19,6,robbery,28,0.07153365655986368
2022,CA,2022-03-19,6,shoplifting,93,0.2375939307166901
2022,CA,2022-03-19,6,theft_from_building,33,0.08430752380269649
2022,CA,2022-03-19,6,theft_from_motor_vehicle,153,0.3908803376306837
2022,CA,2022-03-20,7,burglary,120,0.3065728138279872
2022,CA,2022-03-20,7,motor_vehicle_theft,130,0.3321205483136528
2022,CA,2022-03-20,7,robbery,40,0.1021909379426624
2022,CA,2022-03-20,7,shoplifting,76,0.19416278209105858
2022,CA,2022-03-20,7,theft_from_building,36,0.09197184414839617
2022,CA,2022-03-20,7,theft_from_motor_vehicle,164,0.41898284556491583
2022,CA,2022-03-21,8,burglary,120,0.3065728138279872
2022,CA,2022-03-21,8,motor_vehicle_theft,123,0.31423713417368687
2022,CA,2022-03-21,8,robbery,27,0.06897888311129712
2022,CA,2022-03-21,8,shoplifting,87,0.22226529002529072
2022,CA,2022-03-21,8,theft_from_building,27,0.06897888311129712
2022,CA,2022-03-21,8,theft_from_motor_vehicle,156,0.3985446579763834
2022,CA,2022-03-22,9,burglary,107,0.27336075899662193
2022,CA,2022-03-22,9,motor_vehicle_theft,134,0.34233964210791906
2022,CA,2022-03-22,9,robbery,38,0.09708139104552929
2022,CA,2022-03-22,9,shoplifting,101,0.25803211830522255
2022,CA,2022-03-22,9,theft_from_building,24,0.06131456276559744
2022,CA,2022-03-22,9,theft_from_motor_vehicle,190,0.48540695522764643
2022,CA,2022-03-23,10,burglary,108,0.27591553244518846
2022,CA,2022-03-23,10,motor_vehicle_theft,126,0.32190145451938657
2022,CA,2022-03-23,10,robbery,37,0.09452661759696272
2022,CA,2022-03-23,10,shoplifting,81,0.20693664933389136
2022,CA,2022-03-23,10,theft_from_building,21,0.05365024241989776
2022,CA,2022-03-23,10,theft_from_motor_vehicle,170,0.4343114862563152
2022,CA,2022-03-24,11,burglary,110,0.28102507934232157
2022,CA,2022-03-24,11,motor_vehicle_theft,123,0.31423713417368687
2022,CA,2022-03-24,11,robbery,42,0.10730048483979553
2022,CA,2022-03-24,11,shoplifting,86,0.21971051657672416
2022,CA,2022-03-24,11,theft_from_building,29,0.07408843000843024
2022,CA,2022-03-24,11,theft_from_motor_vehicle,145,0.3704421500421512
2022,CA,2022-03-25,12,burglary,110,0.28102507934232157
2022,CA,2022-03-25,12,motor_vehicle_theft,141,0.360223056247885
2022,CA,2022-03-25,12,robbery,34,0.08686229725126304
2022,CA,2022-03-25,12,shoplifting,94,0.24014870416525666
2022,CA,2022-03-25,12,theft_from_building,38,0.09708139104552929
2022,CA,2022-03-25,12,theft_from_motor_vehicle,177,0.45219490039628113
2022,CA,2022-03-26,13,burglary,138,0.3525587359021853
2022,CA,2022-03-26,13,motor_vehicle_theft,143,0.3653326031450181
2022,CA,2022-03-26,13,robbery,35,0.0894170706998296
2022,CA,2022-03-26,13,shoplifting,69,0.17627936795109264
2022,CA,2022-03-26,13,theft_from_building,27,0.06897888311129712
2022,CA,2022-03-26,13,theft_from_motor_vehicle,180,0.45985922074198077
2022,CA,2022-03-27,14,burglary,110,0.28102507934232157
2022,CA,2022-03-27,14,motor_vehicle_theft,135,0.3448944155564856
2022,CA,2022-03-27,14,robbery,45,0.11496480518549519
2022,CA,2022-03-27,14,shoplifting,69,0.17627936795109264
2022,CA,2022-03-27,14,theft_from_building,21,0.05365024241989776
2022,CA,2022-03-27,14,theft_from_motor_vehicle,161,0.41131852521921614
2023,CA,2023-02-26,-14,burglary,168,0.42858571840647847
2023,CA,2023-02-26,-14,motor_vehicle_theft,226,0.5765498354753817
2023,CA,2023-02-26,-14,robbery,54,0.13775969520208237
2023,CA,2023-02-26,-14,shoplifting,168,0.42858571840647847
2023,CA,2023-02-26,-14,theft_from_building,42,0.10714642960161962
2023,CA,2023-02-26,-14,theft_from_motor_vehicle,206,0.5255277261412772
2023,CA,2023-02-27,-13,burglary,195,0.4974655660075197
2023,CA,2023-02-27,-13,motor_vehicle_theft,233,0.5944075737423185
2023,CA,2023-02-27,-13,robbery,60,0.15306632800231376
2023,CA,2023-02-27,-13,shoplifting,199,0.5076699878743406
2023,CA,2023-02-27,-13,theft_from_building,58,0.1479641170689033
2023,CA,2023-02-27,-13,theft_from_motor_vehicle,228,0.5816520464087923
2023,CA,2023-02-28,-12,burglary,183,0.46685230040705694
2023,CA,2023-02-28,-12,motor_vehicle_theft,240,0.612265312009255
2023,CA,2023-02-28,-12,robbery,44,0.11224864053503009
2023,CA,2023-02-28,-12,shoplifting,193,0.4923633550741093
2023,CA,2023-02-28,-12,theft_from_building,50,0.12755527333526145
2023,CA,2023-02-28,-12,theft_from_motor_vehicle,250,0.6377763666763073
2023,CA,2023-03-01,-11,burglary,246,0.6275719448094864
2023,CA,2023-03-01,-11,motor_vehicle_theft,234,0.5969586792090236
2023,CA,2023-03-01,-11,robbery,62,0.15816853893572422
2023,CA,2023-03-01,-11,shoplifting,175,0.44644345667341506
2023,CA,2023-03-01,-11,theft_from_building,77,0.19643512093630267
2023,CA,2023-03-01,-11,theft_from_motor_vehicle,290,0.7398205853445164
2023,CA,2023-03-02,-10,burglary,176,0.44899456214012035
2023,CA,2023-03-02,-10,motor_vehicle_theft,197,0.5025677769409301
2023,CA,2023-03-02,-10,robbery,38,0.0969420077347987
2023,CA,2023-03-02,-10,shoplifting,177,0.4515456676068256
2023,CA,2023-03-02,-10,theft_from_building,63,0.16071964440242945
2023,CA,2023-03-02,-10,theft_from_motor_vehicle,204,0.5204255152078667
2023,CA,2023-03-03,-9,burglary,217,0.5535898862750348
2023,CA,2023-03-03,-9,motor_vehicle_theft,238,0.6071631010758445
2023,CA,2023-03-03,-9,robbery,47,0.11990195693514577
2023,CA,2023-03-03,-9,shoplifting,189,0.4821589332072883
2023,CA,2023-03-03,-9,theft_from_building,74,0.18878180453618695
2023,CA,2023-03-03,-9,theft_from_motor_vehicle,251,0.6403274721430126
2023,CA,2023-03-04,-8,burglary,174,0.4438923512067099
2023,CA,2023-03-04,-8,motor_vehicle_theft,239,0.6097142065425498
2023,CA,2023-03-04,-8,robbery,47,0.11990195693514577
2023,CA,2023-03-04,-8,shoplifting,158,0.40307466373942624
2023,CA,2023-03-04,-8,theft_from_building,46,0.11735085146844054
2023,CA,2023-03-04,-8,theft_from_motor_vehicle,213,0.5433854644082139
2023,CA,2023-03-05,-7,burglary,173,0.44134124574000466
2023,CA,2023-03-05,-7,motor_vehicle_theft,199,0.5076699878743406
2023,CA,2023-03-05,-7,robbery,62,0.15816853893572422
2023,CA,2023-03-05,-7,shoplifting,160,0.40817687467283664
2023,CA,2023-03-05,-7,theft_from_building,48,0.122453062401851
2023,CA,2023-03-05,-7,theft_from_motor_vehicle,217,0.5535898862750348
2023,CA,2023-03-06,-6,burglary,194,0.4949144605408144
2023,CA,2023-03-06,-6,motor_vehicle_theft,241,0.6148164174759602
2023,CA,2023-03-06,-6,robbery,48,0.122453062401851
2023,CA,2023-03-06,-6,shoplifting,154,0.39287024187260533
2023,CA,2023-03-06,-6,theft_from_building,54,0.13775969520208237
2023,CA,2023-03-06,-6,theft_from_motor_vehicle,240,0.612265312009255
2023,CA,2023-03-07,-5,burglary,158,0.40307466373942624
2023,CA,2023-03-07,-5,motor_vehicle_theft,254,0.6479807885431282
2023,CA,2023-03-07,-5,robbery,56,0.14286190613549285
2023,CA,2023-03-07,-5,shoplifting,188,0.4796078277405831
2023,CA,2023-03-07,-5,theft_from_building,55,0.1403108006687876
2023,CA,2023-03-07,-5,theft_from_motor_vehicle,246,0.6275719448094864
2023,CA,2023-03-08,-4,burglary,179,0.456647878540236
2023,CA,2023-03-08,-4,motor_vehicle_theft,230,0.5867542573422027
2023,CA,2023-03-08,-4,robbery,56,0.14286190613549285
2023,CA,2023-03-08,-4,shoplifting,214,0.545936569874919
2023,CA,2023-03-08,-4,theft_from_building,52,0.1326574842686719
2023,CA,2023-03-08,-4,theft_from_motor_vehicle,214,0.545936569874919
2023,CA,2023-03-09,-3,burglary,186,0.4745056168071727
2023,CA,2023-03-09,-3,motor_vehicle_theft,240,0.612265312009255
2023,CA,2023-03-09,-3,robbery,55,0.1403108006687876
2023,CA,2023-03-09,-3,shoplifting,156,0.39797245280601573
2023,CA,2023-03-09,-3,theft_from_building,59,0.15051522253560853
2023,CA,2023-03-09,-3,theft_from_motor_vehicle,275,0.701554003343938
2023,CA,2023-03-10,-2,burglary,204,0.5204255152078667
2023,CA,2023-03-10,-2,motor_vehicle_theft,261,0.6658385268100648
2023,CA,2023-03-10,-2,robbery,53,0.13520858973537714
2023,CA,2023-03-10,-2,shoplifting,206,0.5255277261412772
2023,CA,2023-03-10,-2,theft_from_building,60,0.15306632800231376
2023,CA,2023-03-10,-2,theft_from_motor_vehicle,261,0.6658385268100648
2023,CA,2023-03-11,-1,burglary,188,0.4796078277405831
2023,CA,2023-03-11,-1,motor_vehicle_theft,236,0.6020608901424341
2023,CA,2023-03-11,-1,robbery,77,0.19643512093630267
2023,CA,2023-03-11,-1,shoplifting,166,0.42348350747306807
2023,CA,2023-03-11,-1,theft_from_building,49,0.12500416786855623
2023,CA,2023-03-11,-1,theft_from_motor_vehicle,201,0.512772198807751
2023,CA,2023-03-12,0,burglary,187,0.47705672227387785
2023,CA,2023-03-12,0,motor_vehicle_theft,200,0.5102210933410458
2023,CA,2023-03-12,0,robbery,58,0.1479641170689033
2023,CA,2023-03-12,0,shoplifting,156,0.39797245280601573
2023,CA,2023-03-12,0,theft_from_building,40,0.10204421866820916
2023,CA,2023-03-12,0,theft_from_motor_vehicle,249,0.635225261209602
2023,CA,2023-03-13,1,burglary,199,0.5076699878743406
2023,CA,2023-03-13,1,motor_vehicle_theft,267,0.6811451596102962
2023,CA,2023-03-13,1,robbery,56,0.14286190613549285
2023,CA,2023-03-13,1,shoplifting,183,0.46685230040705694
2023,CA,2023-03-13,1,theft_from_building,52,0.1326574842686719
2023,CA,2023-03-13,1,theft_from_motor_vehicle,258,0.6581852104099492
2023,CA,2023-03-14,2,burglary,208,0.5306299370746876
2023,CA,2023-03-14,2,motor_vehicle_theft,241,0.6148164174759602
2023,CA,2023-03-14,2,robbery,57,0.14541301160219808
2023,CA,2023-03-14,2,shoplifting,164,0.41838129653965755
2023,CA,2023-03-14,2,theft_from_building,50,0.12755527333526145
2023,CA,2023-03-14,2,theft_from_motor_vehicle,248,0.6326741557428969
2023,CA,2023-03-15,3,burglary,171,0.43623903480659415
2023,CA,2023-03-15,3,motor_vehicle_theft,244,0.622469733876076
2023,CA,2023-03-15,3,robbery,58,0.1479641170689033
2023,CA,2023-03-15,3,shoplifting,180,0.45919898400694126
2023,CA,2023-03-15,3,theft_from_building,55,0.1403108006687876
2023,CA,2023-03-15,3,theft_from_motor_vehicle,284,0.7245139525442851
2023,CA,2023-03-16,4,burglary,183,0.46685230040705694
2023,CA,2023-03-16,4,motor_vehicle_theft,232,0.5918564682756132
2023,CA,2023-03-16,4,robbery,48,0.122453062401851
2023,CA,2023-03-16,4,shoplifting,183,0.46685230040705694
2023,CA,2023-03-16,4,theft_from_building,47,0.11990195693514577
2023,CA,2023-03-16,4,theft_from_motor_vehicle,235,0.5995097846757289
2023,CA,2023-03-17,5,burglary,202,0.5153233042744563
2023,CA,2023-03-17,5,motor_vehicle_theft,256,0.6530829994765387
2023,CA,2023-03-17,5,robbery,49,0.12500416786855623
2023,CA,2023-03-17,5,shoplifting,186,0.4745056168071727
2023,CA,2023-03-17,5,theft_from_building,69,0.1760262772026608
2023,CA,2023-03-17,5,theft_from_motor_vehicle,245,0.6250208393427811
2023,CA,2023-03-18,6,burglary,180,0.45919898400694126
2023,CA,2023-03-18,6,motor_vehicle_theft,245,0.6250208393427811
2023,CA,2023-03-18,6,robbery,71,0.18112848813607127
2023,CA,2023-03-18,6,shoplifting,208,0.5306299370746876
2023,CA,2023-03-18,6,theft_from_building,57,0.14541301160219808
2023,CA,2023-03-18,6,theft_from_motor_vehicle,221,0.5637943081418557
2023,CA,2023-03-19,7,burglary,190,0.4847100386739936
2023,CA,2023-03-19,7,motor_vehicle_theft,229,0.5842031518754975
2023,CA,2023-03-19,7,robbery,59,0.15051522253560853
2023,CA,2023-03-19,7,shoplifting,167,0.42603461293977324
2023,CA,2023-03-19,7,theft_from_building,52,0.1326574842686719
2023,CA,2023-03-19,7,theft_from_motor_vehicle,227,0.579100940942087
2023,CA,2023-03-20,8,burglary,198,0.5051188824076354
2023,CA,2023-03-20,8,motor_vehicle_theft,269,0.6862473705437067
2023,CA,2023-03-20,8,robbery,52,0.1326574842686719
2023,CA,2023-03-20,8,shoplifting,183,0.46685230040705694
2023,CA,2023-03-20,8,theft_from_building,60,0.15306632800231376
2023,CA,2023-03-20,8,theft_from_motor_vehicle,261,0.6658385268100648
2023,CA,2023-03-21,9,burglary,198,0.5051188824076354
2023,CA,2023-03-21,9,motor_vehicle_theft,215,0.5484876753416242
2023,CA,2023-03-21,9,robbery,65,0.1658218553358399
2023,CA,2023-03-21,9,shoplifting,207,0.5280788316079824
2023,CA,2023-03-21,9,theft_from_building,41,0.10459532413491439
2023,CA,2023-03-21,9,theft_from_motor_vehicle,250,0.6377763666763073
2023,CA,2023-03-22,10,burglary,191,0.48726114414069877
2023,CA,2023-03-22,10,motor_vehicle_theft,257,0.6556341049432438
2023,CA,2023-03-22,10,robbery,65,0.1658218553358399
2023,CA,2023-03-22,10,shoplifting,209,0.533181042541393
2023,CA,2023-03-22,10,theft_from_building,51,0.13010637880196668
2023,CA,2023-03-22,10,theft_from_motor_vehicle,237,0.6046119956091394
2023,CA,2023-03-23,11,burglary,209,0.533181042541393
2023,CA,2023-03-23,11,motor_vehicle_theft,263,0.6709407377434753
2023,CA,2023-03-23,11,robbery,54,0.13775969520208237
2023,CA,2023-03-23,11,shoplifting,232,0.5918564682756132
2023,CA,2023-03-23,11,theft_from_building,51,0.13010637880196668
2023,CA,2023-03-23,11,theft_from_motor_vehicle,229,0.5842031518754975
2023,CA,2023-03-24,12,burglary,205,0.522976620674572
2023,CA,2023-03-24,12,motor_vehicle_theft,227,0.579100940942087
2023,CA,2023-03-24,12,robbery,75,0.1913329100028922
2023,CA,2023-03-24,12,shoplifting,213,0.5433854644082139
2023,CA,2023-03-24,12,theft_from_building,59,0.15051522253560853
2023,CA,2023-03-24,12,theft_from_motor_vehicle,254,0.6479807885431282
2023,CA,2023-03-25,13,burglary,181,0.4617500894736465
2023,CA,2023-03-25,13,motor_vehicle_theft,226,0.5765498354753817
2023,CA,2023-03-25,13,robbery,54,0.13775969520208237
2023,CA,2023-03-25,13,shoplifting,197,0.5025677769409301
2023,CA,2023-03-25,13,theft_from_building,58,0.1479641170689033
2023,CA,2023-03-25,13,theft_from_motor_vehicle,185,0.4719545113404674
2023,CA,2023-03-26,14,burglary,208,0.5306299370746876
2023,CA,2023-03-26,14,motor_vehicle_theft,185,0.4719545113404674
2023,CA,2023-03-26,14,robbery,55,0.1403108006687876
2023,CA,2023-03-26,14,shoplifting,195,0.4974655660075197
2023,CA,2023-03-26,14,theft_from_building,34,0.08673758586797779
2023,CA,2023-03-26,14,theft_from_motor_vehicle,195,0.4974655660075197
2024,CA,2024-02-25,-14,burglary,157,0.398161225523007
2024,CA,2024-02-25,-14,motor_vehicle_theft,231,0.5858295738586917
2024,CA,2024-02-25,-14,robbery,76,0.19274046585827087
2024,CA,2024-02-25,-14,shoplifting,249,0.6314786315619665
2024,CA,2024-02-25,-14,theft_from_building,56,0.14201929063241014
2024,CA,2024-02-25,-14,theft_from_motor_vehicle,198,0.5021396347360215
2024,CA,2024-02-26,-13,burglary,179,0.4539545182714538
2024,CA,2024-02-26,-13,motor_vehicle_theft,259,0.6568392191748968
2024,CA,2024-02-26,-13,robbery,62,0.15723564320016836
2024,CA,2024-02-26,-13,shoplifting,244,0.6187983377555012
2024,CA,2024-02-26,-13,theft_from_building,72,0.18259623081309873
2024,CA,2024-02-26,-13,theft_from_motor_vehicle,235,0.595973808903864
2024,CA,2024-02-27,-12,burglary,189,0.47931510588438414
2024,CA,2024-02-27,-12,motor_vehicle_theft,239,0.606118043949036
2024,CA,2024-02-27,-12,robbery,59,0.14962746691628923
2024,CA,2024-02-27,-12,shoplifting,257,0.6517671016523108
2024,CA,2024-02-27,-12,theft_from_building,69,0.17498805452921962
2024,CA,2024-02-27,-12,theft_from_motor_vehicle,225,0.5706132212909335
2024,CA,2024-02-28,-11,burglary,183,0.464098753316626
2024,CA,2024-02-28,-11,motor_vehicle_theft,264,0.669519512981362
2024,CA,2024-02-28,-11,robbery,55,0.13948323187111708
2024,CA,2024-02-28,-11,shoplifting,274,0.6948801005942924
2024,CA,2024-02-28,-11,theft_from_building,78,0.19781258338085697
2024,CA,2024-02-28,-11,theft_from_motor_vehicle,235,0.595973808903864
2024,CA,2024-02-29,-10,burglary,204,0.5173559873037797
2024,CA,2024-02-29,-10,motor_vehicle_theft,219,0.5553968687231754
2024,CA,2024-02-29,-10,robbery,61,0.1546995844388753
2024,CA,2024-02-29,-10,shoplifting,245,0.6213343965167943
2024,CA,2024-02-29,-10,theft_from_building,74,0.1876683483356848
2024,CA,2024-02-29,-10,theft_from_motor_vehicle,238,0.6035819851877431
2024,CA,2024-03-01,-9,burglary,243,0.6162622789942083
2024,CA,2024-03-01,-9,motor_vehicle_theft,308,0.7811060984782557
2024,CA,2024-03-01,-9,robbery,53,0.134411114348531
2024,CA,2024-03-01,-9,shoplifting,264,0.669519512981362
2024,CA,2024-03-01,-9,theft_from_building,104,0.26375011117447594
2024,CA,2024-03-01,-9,theft_from_motor_vehicle,272,0.6898079830717063
2024,CA,2024-03-02,-8,burglary,163,0.41337757809076514
2024,CA,2024-03-02,-8,motor_vehicle_theft,267,0.6771276892652411
2024,CA,2024-03-02,-8,robbery,63,0.1597717019614614
2024,CA,2024-03-02,-8,shoplifting,230,0.5832935150973988
2024,CA,2024-03-02,-8,theft_from_building,61,0.1546995844388753
2024,CA,2024-03-02,-8,theft_from_motor_vehicle,234,0.5934377501425708
2024,CA,2024-03-03,-7,burglary,161,0.4083054605681792
2024,CA,2024-03-03,-7,motor_vehicle_theft,244,0.6187983377555012
2024,CA,2024-03-03,-7,robbery,67,0.16991593700663354
2024,CA,2024-03-03,-7,shoplifting,222,0.5630050450070544
2024,CA,2024-03-03,-7,theft_from_building,62,0.15723564320016836
2024,CA,2024-03-03,-7,theft_from_motor_vehicle,209,0.5300362811102449
2024,CA,2024-03-04,-6,burglary,184,0.46663481207791896
2024,CA,2024-03-04,-6,motor_vehicle_theft,266,0.6745916305039481
2024,CA,2024-03-04,-6,robbery,52,0.13187505558723797
2024,CA,2024-03-04,-6,shoplifting,220,0.5579329274844683
2024,CA,2024-03-04,-6,theft_from_building,73,0.1851322895743918
2024,CA,2024-03-04,-6,theft_from_motor_vehicle,262,0.664447395458776
2024,CA,2024-03-05,-5,burglary,164,0.41591363685205823
2024,CA,2024-03-05,-5,motor_vehicle_theft,248,0.6289425728006734
2024,CA,2024-03-05,-5,robbery,49,0.12426687930335886
2024,CA,2024-03-05,-5,shoplifting,237,0.60104592642645
2024,CA,2024-03-05,-5,theft_from_building,70,0.17752411329051265
2024,CA,2024-03-05,-5,theft_from_motor_vehicle,242,0.6137262202329151
2024,CA,2024-03-06,-4,burglary,151,0.38294487295524876
2024,CA,2024-03-06,-4,motor_vehicle_theft,266,0.6745916305039481
2024,CA,2024-03-06,-4,robbery,66,0.1673798782453405
2024,CA,2024-03-06,-4,shoplifting,248,0.6289425728006734
2024,CA,2024-03-06,-4,theft_from_building,68,0.17245199576792658
2024,CA,2024-03-06,-4,theft_from_motor_vehicle,255,0.6466949841297246
2024,CA,2024-03-07,-3,burglary,202,0.5122838697811937
2024,CA,2024-03-07,-3,motor_vehicle_theft,254,0.6441589253684317
2024,CA,2024-03-07,-3,robbery,60,0.1521635256775823
2024,CA,2024-03-07,-3,shoplifting,250,0.6340146903232595
2024,CA,2024-03-07,-3,theft_from_building,76,0.19274046585827087
2024,CA,2024-03-07,-3,theft_from_motor_vehicle,237,0.60104592642645
2024,CA,2024-03-08,-2,burglary,205,0.5198920460650728
2024,CA,2024-03-08,-2,motor_vehicle_theft,314,0.796322451046014
2024,CA,2024-03-08,-2,robbery,72,0.18259623081309873
2024,CA,2024-03-08,-2,shoplifting,251,0.6365507490845526
2024,CA,2024-03-08,-2,theft_from_building,90,0.22824528851637343
2024,CA,2024-03-08,-2,theft_from_motor_vehicle,248,0.6289425728006734
2024,CA,2024-03-09,-1,burglary,178,0.45141845951016074
2024,CA,2024-03-09,-1,motor_vehicle_theft,247,0.6264065140393803
2024,CA,2024-03-09,-1,robbery,88,0.22317317099378733
2024,CA,2024-03-09,-1,shoplifting,261,0.6619113366974829
2024,CA,2024-03-09,-1,theft_from_building,58,0.14709140815499622
2024,CA,2024-03-09,-1,theft_from_motor_vehicle,218,0.5528608099618822
2024,CA,2024-03-10,0,burglary,170,0.43112998941981645
2024,CA,2024-03-10,0,motor_vehicle_theft,250,0.6340146903232595
2024,CA,2024-03-10,0,robbery,56,0.14201929063241014
2024,CA,2024-03-10,0,shoplifting,244,0.6187983377555012
2024,CA,2024-03-10,0,theft_from_building,68,0.17245199576792658
2024,CA,2024-03-10,0,theft_from_motor_vehicle,189,0.47931510588438414
2024,CA,2024-03-11,1,burglary,193,0.48945934092955634
2024,CA,2024-03-11,1,motor_vehicle_theft,271,0.6872719243104133
2024,CA,2024-03-11,1,robbery,66,0.1673798782453405
2024,CA,2024-03-11,1,shoplifting,237,0.60104592642645
2024,CA,2024-03-11,1,theft_from_building,62,0.15723564320016836
2024,CA,2024-03-11,1,theft_from_motor_vehicle,253,0.6416228666071386
2024,CA,2024-03-12,2,burglary,167,0.42352181313593734
2024,CA,2024-03-12,2,motor_vehicle_theft,299,0.7582815696266183
2024,CA,2024-03-12,2,robbery,64,0.16230776072275444
2024,CA,2024-03-12,2,shoplifting,261,0.6619113366974829
2024,CA,2024-03-12,2,theft_from_building,79,0.20034864214214998
2024,CA,2024-03-12,2,theft_from_motor_vehicle,228,0.5782213975748126
2024,CA,2024-03-13,3,burglary,205,0.5198920460650728
2024,CA,2024-03-13,3,motor_vehicle_theft,257,0.6517671016523108
2024,CA,2024-03-13,3,robbery,60,0.1521635256775823
2024,CA,2024-03-13,3,shoplifting,233,0.5909016913812778
2024,CA,2024-03-13,3,theft_from_building,90,0.22824528851637343
2024,CA,2024-03-13,3,theft_from_motor_vehicle,240,0.6086541027103292
2024,CA,2024-03-14,4,burglary,181,0.45902663579403985
2024,CA,2024-03-14,4,motor_vehicle_theft,243,0.6162622789942083
2024,CA,2024-03-14,4,robbery,65,0.16484381948404747
2024,CA,2024-03-14,4,shoplifting,293,0.7430652170588601
2024,CA,2024-03-14,4,theft_from_building,75,0.19020440709697786
2024,CA,2024-03-14,4,theft_from_motor_vehicle,261,0.6619113366974829
2024,CA,2024-03-15,5,burglary,192,0.48692328216826325
2024,CA,2024-03-15,5,motor_vehicle_theft,296,0.7506733933427392
2024,CA,2024-03-15,5,robbery,85,0.21556499470990823
2024,CA,2024-03-15,5,shoplifting,290,0.735457040774981
2024,CA,2024-03-15,5,theft_from_building,79,0.20034864214214998
2024,CA,2024-03-15,5,theft_from_motor_vehicle,234,0.5934377501425708
2024,CA,2024-03-16,6,burglary,175,0.44381028322628163
2024,CA,2024-03-16,6,motor_vehicle_theft,277,0.7024882768781715
2024,CA,2024-03-16,6,robbery,67,0.16991593700663354
2024,CA,2024-03-16,6,shoplifting,248,0.6289425728006734
2024,CA,2024-03-16,6,theft_from_building,48,0.12173082054206581
2024,CA,2024-03-16,6,theft_from_motor_vehicle,210,0.532572339871538
2024,CA,2024-03-17,7,burglary,165,0.41844969561335127
2024,CA,2024-03-17,7,motor_vehicle_theft,258,0.6543031604136038
2024,CA,2024-03-17,7,robbery,63,0.1597717019614614
2024,CA,2024-03-17,7,shoplifting,227,0.5756853388135197
2024,CA,2024-03-17,7,theft_from_building,54,0.13694717310982407
2024,CA,2024-03-17,7,theft_from_motor_vehicle,213,0.5401805161554171
2024,CA,2024-03-18,8,burglary,181,0.45902663579403985
2024,CA,2024-03-18,8,motor_vehicle_theft,262,0.664447395458776
2024,CA,2024-03-18,8,robbery,71,0.18006017205180572
2024,CA,2024-03-18,8,shoplifting,265,0.6720555717426551
2024,CA,2024-03-18,8,theft_from_building,86,0.2181010534712013
2024,CA,2024-03-18,8,theft_from_motor_vehicle,235,0.595973808903864
2024,CA,2024-03-19,9,burglary,167,0.42352181313593734
2024,CA,2024-03-19,9,motor_vehicle_theft,252,0.6390868078458456
2024,CA,2024-03-19,9,robbery,63,0.1597717019614614
2024,CA,2024-03-19,9,shoplifting,268,0.6796637480265342
2024,CA,2024-03-19,9,theft_from_building,74,0.1876683483356848
2024,CA,2024-03-19,9,theft_from_motor_vehicle,231,0.5858295738586917
2024,CA,2024-03-20,10,burglary,178,0.45141845951016074
2024,CA,2024-03-20,10,motor_vehicle_theft,247,0.6264065140393803
2024,CA,2024-03-20,10,robbery,83,0.21049287718732212
2024,CA,2024-03-20,10,shoplifting,275,0.6974161593555854
2024,CA,2024-03-20,10,theft_from_building,77,0.19527652461956393
2024,CA,2024-03-20,10,theft_from_motor_vehicle,238,0.6035819851877431
2024,CA,2024-03-21,11,burglary,179,0.4539545182714538
2024,CA,2024-03-21,11,motor_vehicle_theft,257,0.6517671016523108
2024,CA,2024-03-21,11,robbery,78,0.19781258338085697
2024,CA,2024-03-21,11,shoplifting,264,0.669519512981362
2024,CA,2024-03-21,11,theft_from_building,54,0.13694717310982407
2024,CA,2024-03-21,11,theft_from_motor_vehicle,247,0.6264065140393803
2024,CA,2024-03-22,12,burglary,184,0.46663481207791896
2024,CA,2024-03-22,12,motor_vehicle_theft,286,0.7253128057298088
2024,CA,2024-03-22,12,robbery,76,0.19274046585827087
2024,CA,2024-03-22,12,shoplifting,283,0.7177046294459297
2024,CA,2024-03-22,12,theft_from_building,106,0.268822228697062
2024,CA,2024-03-22,12,theft_from_motor_vehicle,253,0.6416228666071386
2024,CA,2024-03-23,13,burglary,168,0.4260578718972304
2024,CA,2024-03-23,13,motor_vehicle_theft,255,0.6466949841297246
2024,CA,2024-03-23,13,robbery,58,0.14709140815499622
2024,CA,2024-03-23,13,shoplifting,290,0.735457040774981
2024,CA,2024-03-23,13,theft_from_building,66,0.1673798782453405
2024,CA,2024-03-23,13,theft_from_motor_vehicle,242,0.6137262202329151
2024,CA,2024-03-24,14,burglary,166,0.42098575437464425
2024,CA,2024-03-24,14,motor_vehicle_theft,233,0.5909016913812778
2024,CA,2024-03-24,14,robbery,59,0.14962746691628923
2024,CA,2024-03-24,14,shoplifting,259,0.6568392191748968
2024,CA,2024-03-24,14,theft_from_building,56,0.14201929063241014
2024,CA,2024-03-24,14,theft_from_motor_vehicle,210,0.532572339871538
2022,NV,2022-02-27,-14,burglary,39,1.2279148494576393
2022,NV,2022-02-27,-14,motor_vehicle_theft,36,1.133459861037821
2022,NV,2022-02-27,-14,robbery,10,0.3148499613993947
2022,NV,2022-02-27,-14,shoplifting,18,0.5667299305189105
2022,NV,2022-02-27,-14,theft_from_building,10,0.3148499613993947
2022,NV,2022-02-27,-14,theft_from_motor_vehicle,37,1.1649448571777605
2022,NV,2022-02-28,-13,burglary,51,1.6057348031369132
2022,NV,2022-02-28,-13,motor_vehicle_theft,43,1.3538548340173973
2022,NV,2022-02-28,-13,robbery,5,0.15742498069969735
2022,NV,2022-02-28,-13,shoplifting,18,0.5667299305189105
2022,NV,2022-02-28,-13,theft_from_building,7,0.2203949729795763
2022,NV,2022-02-28,-13,theft_from_motor_vehicle,33,1.0390048726180026
2022,NV,2022-03-01,-12,burglary,42,1.3223698378774578
2022,NV,2022-03-01,-12,motor_vehicle_theft,45,1.4168248262972762
2022,NV,2022-03-01,-12,robbery,4,0.12593998455975788
2022,NV,2022-03-01,-12,shoplifting,23,0.7241549112186079
2022,NV,2022-03-01,-12,theft_from_building,13,0.40930494981921317
2022,NV,2022-03-01,-12,theft_from_motor_vehicle,41,1.2908848417375183
2022,NV,2022-03-02,-11,burglary,45,1.4168248262972762
2022,NV,2022-03-02,-11,motor_vehicle_theft,41,1.2908848417375183
2022,NV,2022-03-02,-11,robbery,3,0.09445498841981842
2022,NV,2022-03-02,-11,shoplifting,24,0.7556399073585474
2022,NV,2022-03-02,-11,theft_from_building,10,0.3148499613993947
2022,NV,2022-03-02,-11,theft_from_motor_vehicle,42,1.3223698378774578
2022,NV,2022-03-03,-10,burglary,33,1.0390048726180026
2022,NV,2022-03-03,-10,motor_vehicle_theft,36,1.133459861037821
2022,NV,2022-03-03,-10,robbery,11,0.3463349575393342
2022,NV,2022-03-03,-10,shoplifting,21,0.6611849189387289
2022,NV,2022-03-03,-10,theft_from_building,15,0.4722749420990921
2022,NV,2022-03-03,-10,theft_from_motor_vehicle,40,1.2593998455975788
2022,NV,2022-03-04,-9,burglary,44,1.3853398301573367
2022,NV,2022-03-04,-9,motor_vehicle_theft,37,1.1649448571777605
2022,NV,2022-03-04,-9,robbery,4,0.12593998455975788
2022,NV,2022-03-04,-9,shoplifting,17,0.535244934378971
2022,NV,2022-03-04,-9,theft_from_building,9,0.28336496525945526
2022,NV,2022-03-04,-9,theft_from_motor_vehicle,44,1.3853398301573367
2022,NV,2022-03-05,-8,burglary,36,1.133459861037821
2022,NV,2022-03-05,-8,motor_vehicle_theft,38,1.1964298533176998
2022,NV,2022-03-05,-8,robbery,5,0.15742498069969735
2022,NV,2022-03-05,-8,shoplifting,16,0.5037599382390315
2022,NV,2022-03-05,-8,theft_from_building,9,0.28336496525945526
2022,NV,2022-03-05,-8,theft_from_motor_vehicle,31,0.9760348803381237
2022,NV,2022-03-06,-7,burglary,37,1.1649448571777605
2022,NV,2022-03-06,-7,motor_vehicle_theft,27,0.8500948957783658
2022,NV,2022-03-06,-7,robbery,6,0.18890997683963684
2022,NV,2022-03-06,-7,shoplifting,18,0.5667299305189105
2022,NV,2022-03-06,-7,theft_from_building,9,0.28336496525945526
2022,NV,2022-03-06,-7,theft_from_motor_vehicle,37,1.1649448571777605
2022,NV,2022-03-07,-6,burglary,58,1.8261297761164894
2022,NV,2022-03-07,-6,motor_vehicle_theft,56,1.7631597838366104
2022,NV,2022-03-07,-6,robbery,5,0.15742498069969735
2022,NV,2022-03-07,-6,shoplifting,12,0.3778199536792737
2022,NV,2022-03-07,-6,theft_from_building,13,0.40930494981921317
2022,NV,2022-03-07,-6,theft_from_motor_vehicle,46,1.4483098224372157
2022,NV,2022-03-08,-5,burglary,42,1.3223698378774578
2022,NV,2022-03-08,-5,motor_vehicle_theft,54,1.7001897915567317
2022,NV,2022-03-08,-5,robbery,6,0.18890997683963684
2022,NV,2022-03-08,-5,shoplifting,27,0.8500948957783658
2022,NV,2022-03-08,-5,theft_from_building,7,0.2203949729795763
2022,NV,2022-03-08,-5,theft_from_motor_vehicle,38,1.1964298533176998
2022,NV,2022-03-09,-4,burglary,38,1.1964298533176998
2022,NV,2022-03-09,-4,motor_vehicle_theft,40,1.2593998455975788
2022,NV,2022-03-09,-4,robbery,3,0.09445498841981842
2022,NV,2022-03-09,-4,shoplifting,25,0.7871249034984868
2022,NV,2022-03-09,-4,theft_from_building,12,0.3778199536792737
2022,NV,2022-03-09,-4,theft_from_motor_vehicle,34,1.070489868757942
2022,NV,2022-03-10,-3,burglary,34,1.070489868757942
2022,NV,2022-03-10,-3,motor_vehicle_theft,33,1.0390048726180026
2022,NV,2022-03-10,-3,robbery,4,0.12593998455975788
2022,NV,2022-03-10,-3,shoplifting,22,0.6926699150786684
2022,NV,2022-03-10,-3,theft_from_building,7,0.2203949729795763
2022,NV,2022-03-10,-3,theft_from_motor_vehicle,42,1.3223698378774578
2022,NV,2022-03-11,-2,burglary,26,0.8186098996384263
2022,NV,2022-03-11,-2,motor_vehicle_theft,36,1.133459861037821
2022,NV,2022-03-11,-2,robbery,8,0.25187996911951577
2022,NV,2022-03-11,-2,shoplifting,28,0.8815798919183052
2022,NV,2022-03-11,-2,theft_from_building,6,0.18890997683963684
2022,NV,2022-03-11,-2,theft_from_motor_vehicle,40,1.2593998455975788
2022,NV,2022-03-12,-1,burglary,19,0.5982149266588499
2022,NV,2022-03-12,-1,motor_vehicle_theft,40,1.2593998455975788
2022,NV,2022-03-12,-1,robbery,12,0.3778199536792737
2022,NV,2022-03-12,-1,shoplifting,27,0.8500948957783658
2022,NV,2022-03-12,-1,theft_from_building,4,0.12593998455975788
2022,NV,2022-03-12,-1,theft_from_motor_vehicle,31,0.9760348803381237
2022,NV,2022-03-13,0,burglary,24,0.7556399073585474
2022,NV,2022-03-13,0,motor_vehicle_theft,28,0.8815798919183052
2022,NV,2022-03-13,0,robbery,5,0.15742498069969735
2022,NV,2022-03-13,0,shoplifting,17,0.535244934378971
2022,NV,2022-03-13,0,theft_from_building,12,0.3778199536792737
2022,NV,2022-03-13,0,theft_from_motor_vehicle,29,0.9130648880582447
2022,NV,2022-03-14,1,burglary,49,1.5427648108570342
2022,NV,2022-03-14,1,motor_vehicle_theft,47,1.4797948185771552
2022,NV,2022-03-14,1,robbery,5,0.15742498069969735
2022,NV,2022-03-14,1,shoplifting,17,0.535244934378971
2022,NV,2022-03-14,1,theft_from_building,7,0.2203949729795763
2022,NV,2022-03-14,1,theft_from_motor_vehicle,50,1.5742498069969737
2022,NV,2022-03-15,2,burglary,36,1.133459861037821
2022,NV,2022-03-15,2,motor_vehicle_theft,52,1.6372197992768527
2022,NV,2022-03-15,2,robbery,4,0.12593998455975788
2022,NV,2022-03-15,2,shoplifting,34,1.070489868757942
2022,NV,2022-03-15,2,theft_from_building,6,0.18890997683963684
2022,NV,2022-03-15,2,theft_from_motor_vehicle,44,1.3853398301573367
2022,NV,2022-03-16,3,burglary,46,1.4483098224372157
2022,NV,2022-03-16,3,motor_vehicle_theft,46,1.4483098224372157
2022,NV,2022-03-16,3,robbery,5,0.15742498069969735
2022,NV,2022-03-16,3,shoplifting,32,1.007519876478063
2022,NV,2022-03-16,3,theft_from_building,9,0.28336496525945526
2022,NV,2022-03-16,3,theft_from_motor_vehicle,30,0.9445498841981842
2022,NV,2022-03-17,4,burglary,31,0.9760348803381237
2022,NV,2022-03-17,4,motor_vehicle_theft,38,1.1964298533176998
2022,NV,2022-03-17,4,robbery,6,0.18890997683963684
2022,NV,2022-03-17,4,shoplifting,31,0.9760348803381237
2022,NV,2022-03-17,4,theft_from_building,5,0.15742498069969735
2022,NV,2022-03-17,4,theft_from_motor_vehicle,39,1.2279148494576393
2022,NV,2022-03-18,5,burglary,47,1.4797948185771552
2022,NV,2022-03-18,5,motor_vehicle_theft,41,1.2908848417375183
2022,NV,2022-03-18,5,robbery,8,0.25187996911951577
2022,NV,2022-03-18,5,shoplifting,10,0.3148499613993947
2022,NV,2022-03-18,5,theft_from_building,19,0.5982149266588499
2022,NV,2022-03-18,5,theft_from_motor_vehicle,43,1.3538548340173973
2022,NV,2022-03-19,6,burglary,34,1.070489868757942
2022,NV,2022-03-19,6,motor_vehicle_theft,49,1.5427648108570342
2022,NV,2022-03-19,6,robbery,5,0.15742498069969735
2022,NV,2022-03-19,6,shoplifting,16,0.5037599382390315
2022,NV,2022-03-19,6,theft_from_building,7,0.2203949729795763
2022,NV,2022-03-19,6,theft_from_motor_vehicle,27,0.8500948957783658
2022,NV,2022-03-20,7,burglary,33,1.0390048726180026
2022,NV,2022-03-20,7,motor_vehicle_theft,38,1.1964298533176998
2022,NV,2022-03-20,7,robbery,5,0.15742498069969735
2022,NV,2022-03-20,7,shoplifting,22,0.6926699150786684
2022,NV,2022-03-20,7,theft_from_building,6,0.18890997683963684
2022,NV,2022-03-20,7,theft_from_motor_vehicle,30,0.9445498841981842
2022,NV,2022-03-21,8,burglary,53,1.668704795416792
2022,NV,2022-03-21,8,motor_vehicle_theft,49,1.5427648108570342
2022,NV,2022-03-21,8,robbery,9,0.28336496525945526
2022,NV,2022-03-21,8,shoplifting,27,0.8500948957783658
2022,NV,2022-03-21,8,theft_from_building,8,0.25187996911951577
2022,NV,2022-03-21,8,theft_from_motor_vehicle,35,1.1019748648978815
2022,NV,2022-03-22,9,burglary,36,1.133459861037821
2022,NV,2022-03-22,9,motor_vehicle_theft,46,1.4483098224372157
2022,NV,2022-03-22,9,robbery,4,0.12593998455975788
2022,NV,2022-03-22,9,shoplifting,15,0.4722749420990921
2022,NV,2022-03-22,9,theft_from_building,5,0.15742498069969735
2022,NV,2022-03-22,9,theft_from_motor_vehicle,42,1.3223698378774578
2022,NV,2022-03-23,10,burglary,31,0.9760348803381237
2022,NV,2022-03-23,10,motor_vehicle_theft,54,1.7001897915567317
2022,NV,2022-03-23,10,robbery,5,0.15742498069969735
2022,NV,2022-03-23,10,shoplifting,24,0.7556399073585474
2022,NV,2022-03-23,10,theft_from_building,4,0.12593998455975788
2022,NV,2022-03-23,10,theft_from_motor_vehicle,44,1.3853398301573367
2022,NV,2022-03-24,11,burglary,40,1.2593998455975788
2022,NV,2022-03-24,11,motor_vehicle_theft,51,1.6057348031369132
2022,NV,2022-03-24,11,robbery,9,0.28336496525945526
2022,NV,2022-03-24,11,shoplifting,23,0.7241549112186079
2022,NV,2022-03-24,11,theft_from_building,12,0.3778199536792737
2022,NV,2022-03-24,11,theft_from_motor_vehicle,38,1.1964298533176998
2022,NV,2022-03-25,12,burglary,46,1.4483098224372157
2022,NV,2022-03-25,12,motor_vehicle_theft,40,1.2593998455975788
2022,NV,2022-03-25,12,robbery,9,0.28336496525945526
2022,NV,2022-03-25,12,shoplifting,26,0.8186098996384263
2022,NV,2022-03-25,12,theft_from_building,10,0.3148499613993947
2022,NV,2022-03-25,12,theft_from_motor_vehicle,34,1.070489868757942
2022,NV,2022-03-26,13,burglary,35,1.1019748648978815
2022,NV,2022-03-26,13,motor_vehicle_theft,27,0.8500948957783658
2022,NV,2022-03-26,13,robbery,4,0.12593998455975788
2022,NV,2022-03-26,13,shoplifting,17,0.535244934378971
2022,NV,2022-03-26,13,theft_from_building,5,0.15742498069969735
2022,NV,2022-03-26,13,theft_from_motor_vehicle,25,0.7871249034984868
2022,NV,2022-03-27,14,burglary,31,0.9760348803381237
2022,NV,2022-03-27,14,motor_vehicle_theft,39,1.2279148494576393
2022,NV,2022-03-27,14,robbery,6,0.18890997683963684
2022,NV,2022-03-27,14,shoplifting,24,0.7556399073585474
2022,NV,2022-03-27,14,theft_from_building,8,0.25187996911951577
2022,NV,2022-03-27,14,theft_from_motor_vehicle,34,1.070489868757942
2023,NV,2023-02-26,-14,burglary,22,0.6844279877537167
2023,NV,2023-02-26,-14,motor_vehicle_theft,49,1.5244077909060052
2023,NV,2023-02-26,-14,robbery,2,0.06222072615942879
2023,NV,2023-02-26,-14,shoplifting,15,0.4666554461957159
2023,NV,2023-02-26,-14,theft_from_building,4,0.12444145231885757
2023,NV,2023-02-26,-14,theft_from_motor_vehicle,20,0.6222072615942879
2023,NV,2023-02-27,-13,burglary,34,1.0577523447102892
2023,NV,2023-02-27,-13,motor_vehicle_theft,59,1.8355114217031492
2023,NV,2023-02-27,-13,robbery,7,0.21777254155800077
2023,NV,2023-02-27,-13,shoplifting,27,0.8399798031522887
2023,NV,2023-02-27,-13,theft_from_building,15,0.4666554461957159
2023,NV,2023-02-27,-13,theft_from_motor_vehicle,41,1.2755248862682902
2023,NV,2023-02-28,-12,burglary,30,0.9333108923914318
2023,NV,2023-02-28,-12,motor_vehicle_theft,50,1.55551815398572
2023,NV,2023-02-28,-12,robbery,7,0.21777254155800077
2023,NV,2023-02-28,-12,shoplifting,26,0.8088694400725742
2023,NV,2023-02-28,-12,theft_from_building,2,0.06222072615942879
2023,NV,2023-02-28,-12,theft_from_motor_vehicle,39,1.2133041601088614
2023,NV,2023-03-01,-11,burglary,40,1.2444145231885757
2023,NV,2023-03-01,-11,motor_vehicle_theft,53,1.648849243224863
2023,NV,2023-03-01,-11,robbery,6,0.18666217847828637
2023,NV,2023-03-01,-11,shoplifting,11,0.34221399387685836
2023,NV,2023-03-01,-11,theft_from_building,13,0.4044347200362871
2023,NV,2023-03-01,-11,theft_from_motor_vehicle,27,0.8399798031522887
2023,NV,2023-03-02,-10,burglary,27,0.8399798031522887
2023,NV,2023-03-02,-10,motor_vehicle_theft,55,1.711069969384292
2023,NV,2023-03-02,-10,robbery,4,0.12444145231885757
2023,NV,2023-03-02,-10,shoplifting,21,0.6533176246740023
2023,NV,2023-03-02,-10,theft_from_building,4,0.12444145231885757
2023,NV,2023-03-02,-10,theft_from_motor_vehicle,42,1.3066352493480047
2023,NV,2023-03-03,-9,burglary,35,1.0888627077900037
2023,NV,2023-03-03,-9,motor_vehicle_theft,36,1.1199730708697182
2023,NV,2023-03-03,-9,robbery,8,0.24888290463771515
2023,NV,2023-03-03,-9,shoplifting,17,0.5288761723551446
2023,NV,2023-03-03,-9,theft_from_building,13,0.4044347200362871
2023,NV,2023-03-03,-9,theft_from_motor_vehicle,37,1.1510834339494325
2023,NV,2023-03-04,-8,burglary,31,0.9644212554711461
2023,NV,2023-03-04,-8,motor_vehicle_theft,51,1.586628517065434
2023,NV,2023-03-04,-8,robbery,12,0.37332435695657273
2023,NV,2023-03-04,-8,shoplifting,19,0.5910968985145735
2023,NV,2023-03-04,-8,theft_from_building,6,0.18666217847828637
2023,NV,2023-03-04,-8,theft_from_motor_vehicle,31,0.9644212554711461
2023,NV,2023-03-05,-7,burglary,29,0.9022005293117175
2023,NV,2023-03-05,-7,motor_vehicle_theft,41,1.2755248862682902
2023,NV,2023-03-05,-7,robbery,9,0.27999326771742955
2023,NV,2023-03-05,-7,shoplifting,21,0.6533176246740023
2023,NV,2023-03-05,-7,theft_from_building,5,0.15555181539857196
2023,NV,2023-03-05,-7,theft_from_motor_vehicle,27,0.8399798031522887
2023,NV,2023-03-06,-6,burglary,40,1.2444145231885757
2023,NV,2023-03-06,-6,motor_vehicle_theft,51,1.586628517065434
2023,NV,2023-03-06,-6,robbery,4,0.12444145231885757
2023,NV,2023-03-06,-6,shoplifting,13,0.4044347200362871
2023,NV,2023-03-06,-6,theft_from_building,8,0.24888290463771515
2023,NV,2023-03-06,-6,theft_from_motor_vehicle,54,1.6799596063045774
2023,NV,2023-03-07,-5,burglary,36,1.1199730708697182
2023,NV,2023-03-07,-5,motor_vehicle_theft,77,2.395497957138008
2023,NV,2023-03-07,-5,robbery,5,0.15555181539857196
2023,NV,2023-03-07,-5,shoplifting,17,0.5288761723551446
2023,NV,2023-03-07,-5,theft_from_building,9,0.27999326771742955
2023,NV,2023-03-07,-5,theft_from_motor_vehicle,44,1.3688559755074334
2023,NV,2023-03-08,-4,burglary,35,1.0888627077900037
2023,NV,2023-03-08,-4,motor_vehicle_theft,52,1.6177388801451484
2023,NV,2023-03-08,-4,robbery,9,0.27999326771742955
2023,NV,2023-03-08,-4,shoplifting,19,0.5910968985145735
2023,NV,2023-03-08,-4,theft_from_building,7,0.21777254155800077
2023,NV,2023-03-08,-4,theft_from_motor_vehicle,27,0.8399798031522887
2023,NV,2023-03-09,-3,burglary,45,1.3999663385871477
2023,NV,2023-03-09,-3,motor_vehicle_theft,66,2.05328396326115
2023,NV,2023-03-09,-3,robbery,7,0.21777254155800077
2023,NV,2023-03-09,-3,shoplifting,18,0.5599865354348591
2023,NV,2023-03-09,-3,theft_from_building,9,0.27999326771742955
2023,NV,2023-03-09,-3,theft_from_motor_vehicle,36,1.1199730708697182
2023,NV,2023-03-10,-2,burglary,17,0.5288761723551446
2023,NV,2023-03-10,-2,motor_vehicle_theft,58,1.804401058623435
2023,NV,2023-03-10,-2,robbery,9,0.27999326771742955
2023,NV,2023-03-10,-2,shoplifting,23,0.7155383508334311
2023,NV,2023-03-10,-2,theft_from_building,7,0.21777254155800077
2023,NV,2023-03-10,-2,theft_from_motor_vehicle,41,1.2755248862682902
2023,NV,2023-03-11,-1,burglary,34,1.0577523447102892
2023,NV,2023-03-11,-1,motor_vehicle_theft,46,1.4310767016668622
2023,NV,2023-03-11,-1,robbery,10,0.3111036307971439
2023,NV,2023-03-11,-1,shoplifting,23,0.7155383508334311
2023,NV,2023-03-11,-1,theft_from_building,6,0.18666217847828637
2023,NV,2023-03-11,-1,theft_from_motor_vehicle,28,0.8710901662320031
2023,NV,2023-03-12,0,burglary,28,0.8710901662320031
2023,NV,2023-03-12,0,motor_vehicle_theft,41,1.2755248862682902
2023,NV,2023-03-12,0,robbery,8,0.24888290463771515
2023,NV,2023-03-12,0,shoplifting,7,0.21777254155800077
2023,NV,2023-03-12,0,theft_from_building,7,0.21777254155800077
2023,NV,2023-03-12,0,theft_from_motor_vehicle,26,0.8088694400725742
2023,NV,2023-03-13,1,burglary,36,1.1199730708697182
2023,NV,2023-03-13,1,motor_vehicle_theft,60,1.8666217847828637
2023,NV,2023-03-13,1,robbery,5,0.15555181539857196
2023,NV,2023-03-13,1,shoplifting,19,0.5910968985145735
2023,NV,2023-03-13,1,theft_from_building,10,0.3111036307971439
2023,NV,2023-03-13,1,theft_from_motor_vehicle,39,1.2133041601088614
2023,NV,2023-03-14,2,burglary,29,0.9022005293117175
2023,NV,2023-03-14,2,motor_vehicle_theft,46,1.4310767016668622
2023,NV,2023-03-14,2,robbery,9,0.27999326771742955
2023,NV,2023-03-14,2,shoplifting,17,0.5288761723551446
2023,NV,2023-03-14,2,theft_from_building,7,0.21777254155800077
2023,NV,2023-03-14,2,theft_from_motor_vehicle,33,1.026641981630575
2023,NV,2023-03-15,3,burglary,30,0.9333108923914318
2023,NV,2023-03-15,3,motor_vehicle_theft,49,1.5244077909060052
2023,NV,2023-03-15,3,robbery,6,0.18666217847828637
2023,NV,2023-03-15,3,shoplifting,15,0.4666554461957159
2023,NV,2023-03-15,3,theft_from_building,9,0.27999326771742955
2023,NV,2023-03-15,3,theft_from_motor_vehicle,34,1.0577523447102892
2023,NV,2023-03-16,4,burglary,31,0.9644212554711461
2023,NV,2023-03-16,4,motor_vehicle_theft,41,1.2755248862682902
2023,NV,2023-03-16,4,robbery,4,0.12444145231885757
2023,NV,2023-03-16,4,shoplifting,16,0.4977658092754303
2023,NV,2023-03-16,4,theft_from_building,6,0.18666217847828637
2023,NV,2023-03-16,4,theft_from_motor_vehicle,37,1.1510834339494325
2023,NV,2023-03-17,5,burglary,43,1.337745612427719
2023,NV,2023-03-17,5,motor_vehicle_theft,44,1.3688559755074334
2023,NV,2023-03-17,5,robbery,4,0.12444145231885757
2023,NV,2023-03-17,5,shoplifting,23,0.7155383508334311
2023,NV,2023-03-17,5,theft_from_building,7,0.21777254155800077
2023,NV,2023-03-17,5,theft_from_motor_vehicle,30,0.9333108923914318
2023,NV,2023-03-18,6,burglary,21,0.6533176246740023
2023,NV,2023-03-18,6,motor_vehicle_theft,47,1.4621870647465764
2023,NV,2023-03-18,6,robbery,6,0.18666217847828637
2023,NV,2023-03-18,6,shoplifting,8,0.24888290463771515
2023,NV,2023-03-18,6,theft_from_building,10,0.3111036307971439
2023,NV,2023-03-18,6,theft_from_motor_vehicle,36,1.1199730708697182
2023,NV,2023-03-19,7,burglary,20,0.6222072615942879
2023,NV,2023-03-19,7,motor_vehicle_theft,45,1.3999663385871477
2023,NV,2023-03-19,7,robbery,5,0.15555181539857196
2023,NV,2023-03-19,7,shoplifting,17,0.5288761723551446
2023,NV,2023-03-19,7,theft_from_building,1,0.031110363079714393
2023,NV,2023-03-19,7,theft_from_motor_vehicle,27,0.8399798031522887
2023,NV,2023-03-20,8,burglary,40,1.2444145231885757
2023,NV,2023-03-20,8,motor_vehicle_theft,56,1.7421803324640062
2023,NV,2023-03-20,8,robbery,7,0.21777254155800077
2023,NV,2023-03-20,8,shoplifting,22,0.6844279877537167
2023,NV,2023-03-20,8,theft_from_building,8,0.24888290463771515
2023,NV,2023-03-20,8,theft_from_motor_vehicle,38,1.182193797029147
2023,NV,2023-03-21,9,burglary,43,1.337745612427719
2023,NV,2023-03-21,9,motor_vehicle_theft,61,1.8977321478625782
2023,NV,2023-03-21,9,robbery,6,0.18666217847828637
2023,NV,2023-03-21,9,shoplifting,19,0.5910968985145735
2023,NV,2023-03-21,9,theft_from_building,12,0.37332435695657273
2023,NV,2023-03-21,9,theft_from_motor_vehicle,47,1.4621870647465764
2023,NV,2023-03-22,10,burglary,31,0.9644212554711461
2023,NV,2023-03-22,10,motor_vehicle_theft,53,1.648849243224863
2023,NV,2023-03-22,10,robbery,5,0.15555181539857196
2023,NV,2023-03-22,10,shoplifting,21,0.6533176246740023
2023,NV,2023-03-22,10,theft_from_building,7,0.21777254155800077
2023,NV,2023-03-22,10,theft_from_motor_vehicle,28,0.8710901662320031
2023,NV,2023-03-23,11,burglary,28,0.8710901662320031
2023,NV,2023-03-23,11,motor_vehicle_theft,66,2.05328396326115
2023,NV,2023-03-23,11,robbery,9,0.27999326771742955
2023,NV,2023-03-23,11,shoplifting,18,0.5599865354348591
2023,NV,2023-03-23,11,theft_from_building,10,0.3111036307971439
2023,NV,2023-03-23,11,theft_from_motor_vehicle,36,1.1199730708697182
2023,NV,2023-03-24,12,burglary,28,0.8710901662320031
2023,NV,2023-03-24,12,motor_vehicle_theft,76,2.364387594058294
2023,NV,2023-03-24,12,robbery,6,0.18666217847828637
2023,NV,2023-03-24,12,shoplifting,24,0.7466487139131455
2023,NV,2023-03-24,12,theft_from_building,7,0.21777254155800077
2023,NV,2023-03-24,12,theft_from_motor_vehicle,49,1.5244077909060052
2023,NV,2023-03-25,13,burglary,20,0.6222072615942879
2023,NV,2023-03-25,13,motor_vehicle_theft,49,1.5244077909060052
2023,NV,2023-03-25,13,robbery,7,0.21777254155800077
2023,NV,2023-03-25,13,shoplifting,26,0.8088694400725742
2023,NV,2023-03-25,13,theft_from_building,9,0.27999326771742955
2023,NV,2023-03-25,13,theft_from_motor_vehicle,26,0.8088694400725742
2023,NV,2023-03-26,14,burglary,26,0.8088694400725742
2023,NV,2023-03-26,14,motor_vehicle_theft,52,1.6177388801451484
2023,NV,2023-03-26,14,robbery,10,0.3111036307971439
2023,NV,2023-03-26,14,shoplifting,19,0.5910968985145735
2023,NV,2023-03-26,14,theft_from_building,5,0.15555181539857196
2023,NV,2023-03-26,14,theft_from_motor_vehicle,27,0.8399798031522887
2024,NV,2024-02-25,-14,burglary,23,0.7039091749052094
2024,NV,2024-02-25,-14,motor_vehicle_theft,54,1.6526563236904919
2024,NV,2024-02-25,-14,robbery,6,0.18362848041005464
2024,NV,2024-02-25,-14,shoplifting,36,1.1017708824603278
2024,NV,2024-02-25,-14,theft_from_building,4,0.12241898694003642
2024,NV,2024-02-25,-14,theft_from_motor_vehicle,32,0.9793518955202913
2024,NV,2024-02-26,-13,burglary,33,1.0099566422553006
2024,NV,2024-02-26,-13,motor_vehicle_theft,59,1.8056800573655374
2024,NV,2024-02-26,-13,robbery,5,0.15302373367504554
2024,NV,2024-02-26,-13,shoplifting,29,0.8875376553152641
2024,NV,2024-02-26,-13,theft_from_building,10,0.3060474673500911
2024,NV,2024-02-26,-13,theft_from_motor_vehicle,36,1.1017708824603278
2024,NV,2024-02-27,-12,burglary,38,1.162980375930346
2024,NV,2024-02-27,-12,motor_vehicle_theft,40,1.2241898694003643
2024,NV,2024-02-27,-12,robbery,9,0.27544272061508196
2024,NV,2024-02-27,-12,shoplifting,31,0.9487471487852823
2024,NV,2024-02-27,-12,theft_from_building,7,0.21423322714506374
2024,NV,2024-02-27,-12,theft_from_motor_vehicle,49,1.4996325900154461
2024,NV,2024-02-28,-11,burglary,31,0.9487471487852823
2024,NV,2024-02-28,-11,motor_vehicle_theft,41,1.2547946161353734
2024,NV,2024-02-28,-11,robbery,2,0.06120949347001821
2024,NV,2024-02-28,-11,shoplifting,23,0.7039091749052094
2024,NV,2024-02-28,-11,theft_from_building,4,0.12241898694003642
2024,NV,2024-02-28,-11,theft_from_motor_vehicle,29,0.8875376553152641
2024,NV,2024-02-29,-10,burglary,31,0.9487471487852823
2024,NV,2024-02-29,-10,motor_vehicle_theft,39,1.193585122665355
2024,NV,2024-02-29,-10,robbery,5,0.15302373367504554
2024,NV,2024-02-29,-10,shoplifting,24,0.7345139216402186
2024,NV,2024-02-29,-10,theft_from_building,10,0.3060474673500911
2024,NV,2024-02-29,-10,theft_from_motor_vehicle,31,0.9487471487852823
2024,NV,2024-03-01,-9,burglary,43,1.3160041096053916
2024,NV,2024-03-01,-9,motor_vehicle_theft,44,1.3466088563404008
2024,NV,2024-03-01,-9,robbery,8,0.24483797388007283
2024,NV,2024-03-01,-9,shoplifting,30,0.9181424020502731
2024,NV,2024-03-01,-9,theft_from_building,9,0.27544272061508196
2024,NV,2024-03-01,-9,theft_from_motor_vehicle,36,1.1017708824603278
2024,NV,2024-03-02,-8,burglary,25,0.7651186683752277
2024,NV,2024-03-02,-8,motor_vehicle_theft,32,0.9793518955202913
2024,NV,2024-03-02,-8,robbery,3,0.09181424020502732
2024,NV,2024-03-02,-8,shoplifting,44,1.3466088563404008
2024,NV,2024-03-02,-8,theft_from_building,5,0.15302373367504554
2024,NV,2024-03-02,-8,theft_from_motor_vehicle,17,0.5202806944951548
2024,NV,2024-03-03,-7,burglary,30,0.9181424020502731
2024,NV,2024-03-03,-7,motor_vehicle_theft,62,1.8974942975705646
2024,NV,2024-03-03,-7,robbery,6,0.18362848041005464
2024,NV,2024-03-03,-7,shoplifting,23,0.7039091749052094
2024,NV,2024-03-03,-7,theft_from_building,3,0.09181424020502732
2024,NV,2024-03-03,-7,theft_from_motor_vehicle,36,1.1017708824603278
2024,NV,2024-03-04,-6,burglary,31,0.9487471487852823
2024,NV,2024-03-04,-6,motor_vehicle_theft,43,1.3160041096053916
2024,NV,2024-03-04,-6,robbery,5,0.15302373367504554
2024,NV,2024-03-04,-6,shoplifting,32,0.9793518955202913
2024,NV,2024-03-04,-6,theft_from_building,1,0.030604746735009104
2024,NV,2024-03-04,-6,theft_from_motor_vehicle,44,1.3466088563404008
2024,NV,2024-03-05,-5,burglary,32,0.9793518955202913
2024,NV,2024-03-05,-5,motor_vehicle_theft,34,1.0405613889903096
2024,NV,2024-03-05,-5,robbery,9,0.27544272061508196
2024,NV,2024-03-05,-5,shoplifting,26,0.7957234151102367
2024,NV,2024-03-05,-5,theft_from_building,5,0.15302373367504554
2024,NV,2024-03-05,-5,theft_from_motor_vehicle,39,1.193585122665355
2024,NV,2024-03-06,-4,burglary,42,1.2853993628703826
2024,NV,2024-03-06,-4,motor_vehicle_theft,32,0.9793518955202913
2024,NV,2024-03-06,-4,robbery,5,0.15302373367504554
2024,NV,2024-03-06,-4,shoplifting,26,0.7957234151102367
2024,NV,2024-03-06,-4,theft_from_building,8,0.24483797388007283
2024,NV,2024-03-06,-4,theft_from_motor_vehicle,35,1.0711661357253188
2024,NV,2024-03-07,-3,burglary,33,1.0099566422553006
2024,NV,2024-03-07,-3,motor_vehicle_theft,31,0.9487471487852823
2024,NV,2024-03-07,-3,robbery,2,0.06120949347001821
2024,NV,2024-03-07,-3,shoplifting,23,0.7039091749052094
2024,NV,2024-03-07,-3,theft_from_building,3,0.09181424020502732
2024,NV,2024-03-07,-3,theft_from_motor_vehicle,25,0.7651186683752277
2024,NV,2024-03-08,-2,burglary,25,0.7651186683752277
2024,NV,2024-03-08,-2,motor_vehicle_theft,35,1.0711661357253188
2024,NV,2024-03-08,-2,robbery,4,0.12241898694003642
2024,NV,2024-03-08,-2,shoplifting,32,0.9793518955202913
2024,NV,2024-03-08,-2,theft_from_building,13,0.39786170755511835
2024,NV,2024-03-08,-2,theft_from_motor_vehicle,47,1.4384230965454279
2024,NV,2024-03-09,-1,burglary,20,0.6120949347001822
2024,NV,2024-03-09,-1,motor_vehicle_theft,25,0.7651186683752277
2024,NV,2024-03-09,-1,robbery,4,0.12241898694003642
2024,NV,2024-03-09,-1,shoplifting,25,0.7651186683752277
2024,NV,2024-03-09,-1,theft_from_building,5,0.15302373367504554
2024,NV,2024-03-09,-1,theft_from_motor_vehicle,18,0.5508854412301639
2024,NV,2024-03-10,0,burglary,23,0.7039091749052094
2024,NV,2024-03-10,0,motor_vehicle_theft,36,1.1017708824603278
2024,NV,2024-03-10,0,robbery,5,0.15302373367504554
2024,NV,2024-03-10,0,shoplifting,29,0.8875376553152641
2024,NV,2024-03-10,0,theft_from_building,6,0.18362848041005464
2024,NV,2024-03-10,0,theft_from_motor_vehicle,12,0.3672569608201093
2024,NV,2024-03-11,1,burglary,36,1.1017708824603278
2024,NV,2024-03-11,1,motor_vehicle_theft,38,1.162980375930346
2024,NV,2024-03-11,1,robbery,4,0.12241898694003642
2024,NV,2024-03-11,1,shoplifting,37,1.1323756291953369
2024,NV,2024-03-11,1,theft_from_building,8,0.24483797388007283
2024,NV,2024-03-11,1,theft_from_motor_vehicle,35,1.0711661357253188
2024,NV,2024-03-12,2,burglary,38,1.162980375930346
2024,NV,2024-03-12,2,motor_vehicle_theft,64,1.9587037910405827
2024,NV,2024-03-12,2,robbery,3,0.09181424020502732
2024,NV,2024-03-12,2,shoplifting,23,0.7039091749052094
2024,NV,2024-03-12,2,theft_from_building,8,0.24483797388007283
2024,NV,2024-03-12,2,theft_from_motor_vehicle,39,1.193585122665355
2024,NV,2024-03-13,3,burglary,32,0.9793518955202913
2024,NV,2024-03-13,3,motor_vehicle_theft,39,1.193585122665355
2024,NV,2024-03-13,3,robbery,5,0.15302373367504554
2024,NV,2024-03-13,3,shoplifting,40,1.2241898694003643
2024,NV,2024-03-13,3,theft_from_building,7,0.21423322714506374
2024,NV,2024-03-13,3,theft_from_motor_vehicle,23,0.7039091749052094
2024,NV,2024-03-14,4,burglary,40,1.2241898694003643
2024,NV,2024-03-14,4,motor_vehicle_theft,53,1.6220515769554826
2024,NV,2024-03-14,4,robbery,2,0.06120949347001821
2024,NV,2024-03-14,4,shoplifting,20,0.6120949347001822
2024,NV,2024-03-14,4,theft_from_building,4,0.12241898694003642
2024,NV,2024-03-14,4,theft_from_motor_vehicle,40,1.2241898694003643
2024,NV,2024-03-15,5,burglary,29,0.8875376553152641
2024,NV,2024-03-15,5,motor_vehicle_theft,59,1.8056800573655374
2024,NV,2024-03-15,5,robbery,6,0.18362848041005464
2024,NV,2024-03-15,5,shoplifting,29,0.8875376553152641
2024,NV,2024-03-15,5,theft_from_building,8,0.24483797388007283
2024,NV,2024-03-15,5,theft_from_motor_vehicle,27,0.8263281618452459
2024,NV,2024-03-16,6,burglary,31,0.9487471487852823
2024,NV,2024-03-16,6,motor_vehicle_theft,54,1.6526563236904919
2024,NV,2024-03-16,6,robbery,6,0.18362848041005464
2024,NV,2024-03-16,6,shoplifting,30,0.9181424020502731
2024,NV,2024-03-16,6,theft_from_building,5,0.15302373367504554
2024,NV,2024-03-16,6,theft_from_motor_vehicle,25,0.7651186683752277
2024,NV,2024-03-17,7,burglary,31,0.9487471487852823
2024,NV,2024-03-17,7,motor_vehicle_theft,40,1.2241898694003643
2024,NV,2024-03-17,7,robbery,10,0.3060474673500911
2024,NV,2024-03-17,7,shoplifting,38,1.162980375930346
2024,NV,2024-03-17,7,theft_from_building,4,0.12241898694003642
2024,NV,2024-03-17,7,theft_from_motor_vehicle,36,1.1017708824603278
2024,NV,2024-03-18,8,burglary,38,1.162980375930346
2024,NV,2024-03-18,8,motor_vehicle_theft,31,0.9487471487852823
2024,NV,2024-03-18,8,robbery,4,0.12241898694003642
2024,NV,2024-03-18,8,shoplifting,26,0.7957234151102367
2024,NV,2024-03-18,8,theft_from_building,11,0.3366522140851002
2024,NV,2024-03-18,8,theft_from_motor_vehicle,35,1.0711661357253188
2024,NV,2024-03-19,9,burglary,28,0.856932908580255
2024,NV,2024-03-19,9,motor_vehicle_theft,32,0.9793518955202913
2024,NV,2024-03-19,9,robbery,4,0.12241898694003642
2024,NV,2024-03-19,9,shoplifting,26,0.7957234151102367
2024,NV,2024-03-19,9,theft_from_building,8,0.24483797388007283
2024,NV,2024-03-19,9,theft_from_motor_vehicle,27,0.8263281618452459
2024,NV,2024-03-20,10,burglary,40,1.2241898694003643
2024,NV,2024-03-20,10,motor_vehicle_theft,44,1.3466088563404008
2024,NV,2024-03-20,10,robbery,4,0.12241898694003642
2024,NV,2024-03-20,10,shoplifting,46,1.4078183498104189
2024,NV,2024-03-20,10,theft_from_building,7,0.21423322714506374
2024,NV,2024-03-20,10,theft_from_motor_vehicle,35,1.0711661357253188
2024,NV,2024-03-21,11,burglary,34,1.0405613889903096
2024,NV,2024-03-21,11,motor_vehicle_theft,29,0.8875376553152641
2024,NV,2024-03-21,11,robbery,3,0.09181424020502732
2024,NV,2024-03-21,11,shoplifting,34,1.0405613889903096
2024,NV,2024-03-21,11,theft_from_building,9,0.27544272061508196
2024,NV,2024-03-21,11,theft_from_motor_vehicle,30,0.9181424020502731
2024,NV,2024-03-22,12,burglary,30,0.9181424020502731
2024,NV,2024-03-22,12,motor_vehicle_theft,38,1.162980375930346
2024,NV,2024-03-22,12,robbery,4,0.12241898694003642
2024,NV,2024-03-22,12,shoplifting,40,1.2241898694003643
2024,NV,2024-03-22,12,theft_from_building,5,0.15302373367504554
2024,NV,2024-03-22,12,theft_from_motor_vehicle,31,0.9487471487852823
2024,NV,2024-03-23,13,burglary,24,0.7345139216402186
2024,NV,2024-03-23,13,motor_vehicle_theft,40,1.2241898694003643
2024,NV,2024-03-23,13,robbery,2,0.06120949347001821
2024,NV,2024-03-23,13,shoplifting,37,1.1323756291953369
2024,NV,2024-03-23,13,theft_from_building,10,0.3060474673500911
2024,NV,2024-03-23,13,theft_from_motor_vehicle,31,0.9487471487852823
2024,NV,2024-03-24,14,burglary,23,0.7039091749052094
2024,NV,2024-03-24,14,motor_vehicle_theft,52,1.5914468302204734
2024,NV,2024-03-24,14,robbery,7,0.21423322714506374
2024,NV,2024-03-24,14,shoplifting,22,0.6733044281702004
2024,NV,2024-03-24,14,theft_from_building,5,0.15302373367504554
2024,NV,2024-03-24,14,theft_from_motor_vehicle,47,1.4384230965454279
